1,08,2012,https://www.pbo-dpb.gc.ca/fr/blog/news/The%20Parliament%20of%20Canada%20Web%20Site,13 août 2012,Le site web du Parlement.,
2,10,2012,https://www.pbo-dpb.gc.ca/fr/blog/news/IR0080%20-%20Compliance%20Status%20Summary%20as%20of%2011%20a.m.%20November%201%2C%202012,1 novembre 2012,IR0080 – Résumé de l’état de conformité à 11 h le 1er novembre 2012,
3,10,2012,https://www.pbo-dpb.gc.ca/fr/blog/news/Actual%20Government%20Spending%20by%20Program%20Activity%20for%20the%20First%20Four%20Months%20of%20the%20Fiscal%20Year,1 novembre 2012,"Comme il a été indiqué dans des rapports antérieurs http://www.pbo-dpb.gc.ca/files/get/resources/76?path=%2Ffiles%2Ffiles%2FComparative+PAA_Monthly_July+2012_bilingual.xlsx, le cadre repose sur des données non publiées du receveur général du Canada au sujet des dépenses au titre des activités de programme et sur des données non publiées communiquées par les organisations fédérales au sujet des rajustements budgétaires apportés aux dépenses prévues pour les activités de programme.",
4,10,2012,https://www.pbo-dpb.gc.ca/fr/blog/news/Economic%20and%20Fiscal%20Outlook%20Update%20and%20An%20Assessment%20of%20Canada%27s%20Labour%20Market%20Performance%20released,29 octobre 2012,Mise à jour des perspectives économiques et financières et Évaluation de la situation du marché du travail au Canada publiés,
5,10,2012,https://www.pbo-dpb.gc.ca/fr/blog/news/IR0080%20-%20Compliance%20Status%20Summary%20as%20of%20October%2026%2C%202012,29 octobre 2012,IR0080 – Résumé de l’état de conformité en date du 26 octobre 2012,
6,10,2012,https://www.pbo-dpb.gc.ca/fr/blog/news/Fiscal%20Sustainability%20Report%202012%20released%20September%2027%2C%202012,27 octobre 2012,"Le directeur parlementaire du budget a affiché un nouveau rapport intitulé : « Rapport sur la viabilité financière de 2012 » (sur le site Web à www.pbo-dpb.gc.ca). Ce rapport expose l’évaluation que fait le DPB de la viabilité financière du gouvernement à long terme par secteur (gouvernements fédéral, provinciaux et territoriaux et administrations municipales, Régime de pensions du Canada et Régime des rentes du Québec). Il présente également des estimations relatives aux changements récents d’orientation (visant le Transfert canadien en matière de santé, les dépenses ministérielles et le programme de la Sécurité de la vieillesse) et à leur incidence sur la viabilité des secteurs des gouvernements fédéral, provinciaux et territoriaux ainsi que des administrations municipales. Le rapport propose aussi une analyse de sensibilité qui examine différentes hypothèses de politique budgétaire, et des variantes de projections démographiques et économiques. Pour de plus amples renseignements, veuillez composer le 613-992-8026.",
7,10,2012,https://www.pbo-dpb.gc.ca/fr/blog/news/Legal%20opinion%20on%20PBO%20mandate%20pending,24 octobre 2012,"L’ampleur du mandat que la Loi confère au directeur parlementaire du budget (DPB) a récemment fait l’objet de questions. Quand le DPB a demandé un avis juridique sur ses pouvoirs en matière de demandes d’information, il ne s’attendait pas à ce que son mandat aussi soit contesté. En effet, peu de temps après sa nomination, le DPB avait reçu un avis juridique sur la portée de son mandat, et il agissait depuis en conséquence. Cependant, les récents événements l’ont incité à demander maintenant un avis juridique détaillé. Le DPB a donc décidé de surseoir à toute action jusqu’à ce qu’il ait reçu l’avis juridique demandé, qui sera publié dès que possible. Entre-temps, il demeure disposé à communiquer avec les représentants du Bureau du Conseil privé concernant la présentation des renseignements demandés à l’intention du Parlement.",
8,10,2012,https://www.pbo-dpb.gc.ca/fr/blog/news/IR0080%20-%20Granted%20extension%20letter%20and%20distribution%20list,15 octobre 2012,IR0080 – Lettre et liste de distribution pour extensions accordées,
9,10,2012,https://www.pbo-dpb.gc.ca/fr/blog/news/Letter%20to%20DM%27s%20and%20equivalents%20requesting%20information%20with%20respect%20to%20Budget%202012%20-%20particularly%20with%20respect%20to%20the%20savings%20and%20reduction%20measures,3 octobre 2012,"Demande d'information IR0080 envoyée aux sous-ministres et équivalents le 12 avril 2012, le 9 mai 2012 et le 2 octobre 2012 Informations demande par rapport au budget de 2012 - notamment en ce qui concerne les économies et les mesures de réduction.",
10,11,2012,https://www.pbo-dpb.gc.ca/fr/blog/news/Budget%202012%20Monitoring%20Framework%20Updated%20for%20August%202012,27 novembre 2012,"Ce tableur présente les données sur les dépenses officielles du gouvernement par activité de programme entre avril et août 2012. Le cadre repose sur les données non publiques recueillies par le receveur général du Canada et se rapportant aux dépenses pour les activités de programmes, ainsi que sur celles fournies par des organismes fédéraux et concernant les ajustements budgétaires aux dépenses prévues liées aux activités de programmes. En outre, on a ajouté un nouvel onglet énumérant les indicateurs de rendement du gouvernement et les objectifs pour chaque activité de programme.",
11,11,2012,https://www.pbo-dpb.gc.ca/fr/blog/news/PBO%20Seeks%20Federal%20Court%20Guidance%20%28updated%29,22 novembre 2012,"Aujourd’hui, le directeur parlementaire du budget (DPB) a sollicité l’avis de la Cour fédérale pour savoir si les travaux demandés par le chef de l’Opposition officielle relèvent de la compétence du DPB. Il a été demandé au DPB d’analyser les prévisions budgétaires du gouvernement afin d’établir si les économies qui y sont envisagées sont réalisables et/ou auront des conséquences financières à plus long terme. Le DPB espère qu’une décision de la Cour fédérale précisera la portée de son mandat, contesté par certains. Le DPB est déterminé à fournir au Sénat et à la Chambre des communes des analyses de la situation financière du pays, des prévisions budgétaires du gouvernement et des tendances de l’économie nationale, et ce, dans les limites de sa compétence.",
12,11,2012,https://www.pbo-dpb.gc.ca/fr/blog/news/Budget%202012%20Spending%20Reduction%20Monitoring%20Spreadsheet%20Updated,7 novembre 2012,La feuille de calcul du cadre de surveillance de la compression du Budget de 2012 a été mise à jour pour refléter six réponses supplémentaires.,
13,11,2012,https://www.pbo-dpb.gc.ca/fr/blog/news/IR0080%20-%20Compliance%20Status%20as%20of%20November%207%2C%202012,7 novembre 2012,IR0080 – Résumé de l’état de conformité le 7 novembre 2012,
14,11,2012,https://www.pbo-dpb.gc.ca/fr/blog/news/IR0080%20-%20Compliance%20Status%20as%20of%20November%205%2C%202012,5 novembre 2012,IR0080 – Résumé de l’état de conformité le 5 novembre 2012,
15,11,2012,https://www.pbo-dpb.gc.ca/fr/blog/news/IR0080%20-%20Compliance%20Status%20Summary%20as%20of%2011%20a.m.%20November%201%2C%202012,1 novembre 2012,IR0080 – Résumé de l’état de conformité à 11 h le 1er novembre 2012,
16,11,2012,https://www.pbo-dpb.gc.ca/fr/blog/news/Actual%20Government%20Spending%20by%20Program%20Activity%20for%20the%20First%20Four%20Months%20of%20the%20Fiscal%20Year,1 novembre 2012,"Comme il a été indiqué dans des rapports antérieurs http://www.pbo-dpb.gc.ca/files/get/resources/76?path=%2Ffiles%2Ffiles%2FComparative+PAA_Monthly_July+2012_bilingual.xlsx, le cadre repose sur des données non publiées du receveur général du Canada au sujet des dépenses au titre des activités de programme et sur des données non publiées communiquées par les organisations fédérales au sujet des rajustements budgétaires apportés aux dépenses prévues pour les activités de programme.",
17,12,2012,https://www.pbo-dpb.gc.ca/fr/blog/news/Information%20Update%20-%20Regarding%20the%20PBO%20Compensation%20Report,12 décembre 2012,Les médias ont signalé que le président du Conseil du Trésor (PCT) avait affirmé que les chiffres sur la rémunération moyenne contenus dans le rapport du Bureau du directeur parlementaire du budget (DPB) intitulé Le poids financier des frais de personnel dans l’administration publique fédérale : tendance et évolution sont inexacts. Le PCT a publié ses propres chiffres qui laissent croire que la rémunération moyenne est nettement inférieure à ce qu'a estimé le DPB.,
18,12,2012,https://www.pbo-dpb.gc.ca/fr/blog/news/The%20Fiscal%20Impact%20of%20Federal%20Personnel%20Expenses%3A%20%20Trends%20and%20Developments,11 décembre 2012,"Le mardi 11 décembre, à 9 h, le directeur parlementaire du budget rendra public un nouveau rapport intitulé :« Le poids financier des frais de personnel dans l’administration publique fédérale : tendances et évolution» (sur le site Web à www.pbo-dpb.gc.ca).",
19,01,2013,https://www.pbo-dpb.gc.ca/fr/blog/news/PBO%20Strategic%20and%20Operating%20Review,25 janvier 2013,"Government departments have been asked to submit proposals to find budget reductions of 5% and 10%. Parliamentary organizations have been asked to participate voluntarily. The Library of Parliament has asked PBO for a proposal to reduce its budget by 5 and 10% and to assess the impact of each of these proposals. PBO has adopted the government’s strategic review assessment model, which involves an assessment of the resources and activities used to deliver an organization’s legislated mandate. PBO’s activities are focused exclusively on the requirements of its enabling legislation. There are no extraneous activities. PBO delivers on a mandate that is as broad as or broader than comparable offices in other countries, and does so with fewer resources than its peers. PBO uses its resources efficiently to deliver on its mandate largely by leveraging technology-based information, communication and publishing strategy. Savings are possible but can only be obtained by changing the enabling legislation. Legislative change is strictly within the purview of Parliament- PBO is not able to make any recommendation in this regard.",
20,02,2013,https://www.pbo-dpb.gc.ca/fr/blog/news/PBO%20%20post%20a%20new%20report%20entitled%20%E2%80%9CFeasibility%20of%20Budget%20for%20Acquisition%20of%20Two%20Joint%20Support%20Ships%E2%80%9D%20on%20Thursday%2C%20February%2028%2C%202013,27 février 2013,"À 9 h le jeudi 28 février 2013, le directeur parlementaire du budget (DPB) affichera un nouveau rapport intitulé « Budget d’acquisition de deux navires de soutien interarmées – Faisabilité » sur le site Web à www.pbo-dpb.gc.ca. Le rapport du DPB analyse la faisabilité du budget pour le remplacement des navires actuels de la classe Protecteur de la Marine.",
21,02,2013,https://www.pbo-dpb.gc.ca/fr/blog/news/Letter%20to%20Mr.%20Ian%20Shugart%2C%20HRSDC%2C%20re%20Costing%20of%20Bill%20C-464%3A%20%20Parental%20Leave%20for%20Multiple%20Briths%20or%20Adoptions,19 février 2013,"Lettre à M. Ian Shugart, RHDCC au sujet du projet de loi C-464 : Congé parental lors de naissances ou d'adoptions multiples",
22,02,2013,https://www.pbo-dpb.gc.ca/fr/blog/news/Budget%202012%20Monitoring%20Framework%20Updated%20to%20September%202012,19 février 2013,Cadre de surveillance du Budget de 2012 mis à jour jusqu’à septembre 2012,
23,02,2013,https://www.pbo-dpb.gc.ca/fr/blog/news/Correspondence%20with%20Canadian%20Economic%20Development%20Agency%20re%20Expenditure%20Monitor%202012-13%20Q2,8 février 2013,Correspondence avec l'Agence canadienne de développement économique du nord au sujet du Suivi des dépenses : deuxième trimestre de 2012-2013,
24,03,2013,https://www.pbo-dpb.gc.ca/fr/blog/news/Letter%20to%20Senators%20and%20Members%20of%20Parliament%20regarding%20delivery%20of%20PBO%20services,26 mars 2013,S. L'Heureux nommée directrice parlementaire du budget (par intérim),
25,03,2013,https://www.pbo-dpb.gc.ca/fr/blog/news/Letter%20to%20The%20Honourable%20Percy%20E.%20Downe,6 mars 2013,"Lettré à le sénateur Downe, concernant la demande d’octobre 2012 en vue d’obtenir une estimation des coûts qu’entraîne pour le Trésor fédéral la fraude fiscale, soit les actes illégaux et délibérés que commettent des particuliers ou des entreprises pour éviter de payer leur impôt.",
26,04,2013,https://www.pbo-dpb.gc.ca/fr/blog/news/PBO%20Statement%20Regarding%20Federal%20Court%20of%20Canada%20Decision,23 avril 2013,"La directrice parlementaire du budget intérimaire, Sonia L’Heureux, se réjouit que la Cour fédérale du Canada ait rendu si rapidement sa décision sur les questions soulevées par le DPB en réponse à une demande de M. Thomas Mulcair, député. Dans sa décision, la Cour a indiqué que le mandat du directeur parlementaire du budget (DPB) consiste notamment à fournir des évaluations du coût financier de toute mesure proposée relevant des domaines de compétence du Parlement à la demande d’un parlementaire du Sénat ou de la Chambre des communes. Par conséquent, la DPB entend demander l’information requise pour répondre à la demande de M. Mulcair. Nous espérons que les ministères et organismes du gouvernement fourniront promptement les renseignements demandés. Dans l’éventualité d’un litige, la Cour s’est dite prête à exercer son pouvoir de trancher. Pour de plus amples renseignements, veuillez téléphoner au 613-992-8026.",
27,05,2013,https://www.pbo-dpb.gc.ca/fr/blog/news/Statement%20by%20Sonia%20L%E2%80%99Heureux%2C%20Interim%20PBO%2C%20Regarding%20Information%20Request%20IR0113,30 mai 2013,"Le 20 mai 2013, le député d'Outremont a demandé au directeur parlementaire du budget de lui fournir un rapport d’étape sur l’analyse de l’impact des mesures d’économie du budget de 2012. En raison du nombre actuel de réponses obtenues et de leur contenu, le DPB ne peut compléter l’analyse demandée. Nous continuerons à demander au gouvernement les renseignements nécessaires. Nous tiendrons le député au courant en temps utile.",
28,06,2013,https://www.pbo-dpb.gc.ca/fr/blog/news/Data%20received%20re%20PBO%20Information%20Request%20IR0113%20are%20Posted,19 juin 2013,The Parliamentary Budget Officer (PBO) (interim) has posted the data received from federal departments and agencies related to Information Request IR0113 on the website at Fiscal Savings from Budget 2012 - Data.  Key elements of the PBO information request remain unfulfilled. The additional information will be posted if and when it is provided by the government.,
29,07,2013,https://www.pbo-dpb.gc.ca/fr/blog/news/IR0113%20-%20Compliance%20Chart%20Revised%20July%2025%2C%202013%20to%20Include%20Responses%20Received%20After%20July%2019%2C%202013,25 juillet 2013,IR0113 - Tableau de conformité révisé le 25 juillet 2013 pour inclure les réponses reçues après le 19 juillet 2013,
30,07,2013,https://www.pbo-dpb.gc.ca/fr/blog/news/Statement%20by%20Sonia%20L%E2%80%99Heureux%2C%20Parliamentary%20Budget%20Officer%20%28interim%29,22 juillet 2013,"En avril 2013, j’ai demandé de l'information nécessaire pour entreprendre une analyse du budget fédéral 2012. L'analyse a été demandée par un parlementaire conformément à l'article 79.2 de la Loi sur le Parlement du Canada. L'information nécessaire à cette fin a été demandée à des ministères et agences fédéraux. La première date d'échéance pour me fournir l’information est passée, et la majorité des ministères et agences ne se sont pas entièrement conformés à ma demande. J'en ai informé le Président du Sénat et le Président de la Chambre des communes. Ils m'ont demandé de récrire aux ministères et agences fautifs pour leur redemander de fournir l'information. La 2e échéance du 19 juillet 2013 est passée, et je n'ai toujours pas reçu toute l'information dont j'ai besoin pour entreprendre l'analyse demandée. Si et quand je l'obtiendrai, je serai ravie d'effectuer l'analyse et ainsi, de m'acquitter de mon mandat législatif.",
31,07,2013,https://www.pbo-dpb.gc.ca/fr/blog/news/IR0113%20-%20Compliance%20Chart%20as%20of%20July%2019%2C%202013,22 juillet 2013,IR0113 - Tableau de conformité au 19 juillet 2013,
32,07,2013,https://www.pbo-dpb.gc.ca/fr/blog/news/The%20Integrated%20Monitoring%20Database%20%28IMD%29%20has%20been%20updated%20to%20include%20expenditure%20data%20for%20the%20last%20quarter%20of%202012-13,9 juillet 2013,"Les données de dépenses pour le dernier trimestre de 2012-2013 ont été transférées à la base de données de suivi intégré (BDSI). Bien que cela représente toutes les dépenses entre avril 2012 et mars 2013, les utilisateurs devront noter que le gouvernement fera des ajustements ultérieurs avant le dépôt des Comptes public, à l'automne 2013. C’est pourquoi les données financières doivent être considérées comme étant préliminaires.",
33,03,2014,https://www.pbo-dpb.gc.ca/fr/blog/news/OECD%20Council%20Recommendation%20on%20Principles%20for%20Independent%20Fiscal%20Institutions%20-%20Approved,4 mars 2014,Recommandation du Conseil sur les Principes relatifs aux institutions budgétaires indépendantes de l'OCDE - approuvée,
34,05,2014,https://www.pbo-dpb.gc.ca/fr/blog/news/Demystifying%20the%20Mandate%20of%20the%20Parliamentary%20Budget%20Officer,30 mai 2014,La présente note a été préparée par Tolga Yalkin et Benjamin Segel-Brown pour un colloque parlementaire qui a eu lieu le 29 mai 2014.,
35,05,2014,https://www.pbo-dpb.gc.ca/fr/blog/news/Presentation%20related%20to%20%22Revenue%20and%20Distribution%20Analysis%20of%20Federal%20Tax%20Changes%3A%202005-2013%22,27 mai 2014,Nouveau rapport du DPB,
36,08,2014,https://www.pbo-dpb.gc.ca/fr/blog/news/Statement%20by%20Sonia%20L%E2%80%99Heureux%2C%20Parliamentary%20Librarian,30 août 2014,"Je me réjouis de la nomination de Jean-Denis Fréchette au poste de directeur parlementaire du budget. M. Fréchette connaît très bien le travail des parlementaires et l’appui qu’ils attendent lorsqu’ils traitent les questions économiques et financières étudiées par le Parlement. J’ai hâte de travailler avec M. Fréchette afin de fournir aux parlementaires le soutien auquel ils s’attendent, conformément aux exigences prévues par la Loi sur le Parlement du Canada.",
37,11,2014,https://www.pbo-dpb.gc.ca/fr/blog/news/House%20of%20Commons%20Standing%20Committee%20on%20Finance%20%28November%202014%29%20-%20Opening%20Statement%20by%20Mostafa%20Askari%20%28Assistant%20PBO%29%20to%20the%20House%20of%20Commons%20Standing%20Committee%20on%20Finance,18 novembre 2014,Comité permanent des finances de la Chambre des communes (novembre 2014) - Remarques d'ouverture de Mostafa Askari (DPB adjoint) devant le Comité permanent des finances de la Chambre des communes,
38,11,2014,https://www.pbo-dpb.gc.ca/fr/blog/news/House%20of%20Commons%20Standing%20Committee%20on%20Finance%20%28November%202014%29%20-%20Opening%20Statement%20by%20Jean-Denis%20Fr%C3%A9chette%20%28PBO%29%20to%20the%20House%20of%20Commons%20Standing%20Committee%20on%20Finance,3 novembre 2014,Comité permanent des finances de la Chambre des communes (novembre 2014) - Allocution de Jean-Denis Fréchette (DPB) devant le Comité permanent des finances de la Chambre des communes,
39,04,2015,https://www.pbo-dpb.gc.ca/fr/blog/news/House%20of%20Commons%20Standing%20Committee%20on%20Finance%20%28April%202015%29%20-%20Statement%20by%20Jean-Denis%20Fr%C3%A9chette%20%28PBO%29%20to%20the%20House%20of%20Commons%20Standing%20Committee%20on%20Finance,28 avril 2015,House of Commons Standing Committee on Finance (April 2015) - Statement by Jean-Denis Fréchette (PBO) to the House of Commons Standing Committee on Finance including post-Budget 2015 revisions to forecast,
40,04,2015,https://www.pbo-dpb.gc.ca/fr/blog/news/TFSA%20Update,27 avril 2015,"Le directeur parlementaire du budget (DPB) a examiné les incidences financières et l’effet de répartition du CELI dans un rapport publié en février 2015. La présente analyse met à jour ces estimations précédentes du DPB, à la lumière des changements proposés dans le budget de 2015.  [PDF]",Trevor Shaw
41,04,2015,https://www.pbo-dpb.gc.ca/fr/blog/news/Expenditure%20Monitor%3A%202014-15%20Q3,20 avril 2015,"La présente analyse traite de la mise en œuvre, durant les neuf premiers mois de l’exercice, du plan de dépenses présenté dans le budget de 2014. [PDF]","Trevor Shaw, Duncan MacDonald"
42,04,2015,https://www.pbo-dpb.gc.ca/fr/blog/news/Pre-budget%20Outlook%202015,17 avril 2015,Les prévisions exposées dans le présent rapport comprennent seulement les mesures budgétaires qui ont été annoncées avant le budget de 2015. Le DPB mettra à jour ses prévisions économiques et financières pour tenir compte des nouvelles mesures contenues dans le budget de 2015 et il présentera l’analyse connexe dans un futur rapport. Le présent document tient compte des données disponibles jusqu’au 10 avril 2015 inclusivement.  [PDF],"Scott Cameron, Helen Lao, Tim Scholz, Chris Matier"
43,05,2015,https://www.pbo-dpb.gc.ca/fr/blog/news/Supps%20A%202015-16,27 mai 2015,Ce document présente une analyse détaillée du premier supplément du Budget principal des dépenses du gouvernement pour l’exercice 2015-2016.   [PDF],"Erin Barkel, Trevor Shaw, Duncan MacDonald"
44,07,2015,https://www.pbo-dpb.gc.ca/fr/blog/news/Performance%20Budgeting%20Update,23 juillet 2015,"Le présent rapport se penche sur l’incidence de la performance des programmes sur les modifications budgétaires apportées durant la récente période d’assainissement des finances publiques, soit de 2010-2011 à 2013-2014. [PDF]",Trevor Shaw
45,07,2015,https://www.pbo-dpb.gc.ca/fr/blog/news/Budget%202015%20Fiscal%20Outlook,22 juillet 2015,L’honorable Scott Brison (Kings‐Hants) et M. Nathan Cullen (Skeena‐Bulkley Valley) ont demandé au DPB de présenter une mise à jour des prévisions budgétaires contenues dans le budget de 2015 en tenant compte des perspectives que la Banque du Canada a fournies dans son Rapport sur la politique monétaire de juillet. Le DPB révisera ses Perspectives économiques et financières à l’automne.   [PDF],"Scott Cameron, Chris Matier"
46,07,2015,https://www.pbo-dpb.gc.ca/fr/blog/news/FSR%202015,21 juillet 2015,"Le présent rapport fournit une évaluation de la viabilité à long terme des finances gouvernementales dans trois sous-secteurs : le gouvernement fédéral; les administrations infranationales, c’est-à-dire les administrations provinciales, territoriales, locales et autochtones; le Régime de pensions du Canada et le Régime de rentes du Québec.  [PDF]","Jason Jacques, Scott Cameron, Helen Lao, Trevor Shaw, Carleigh Malanik, Tim Scholz, Chris Matier"
47,10,2015,https://www.pbo-dpb.gc.ca/fr/blog/news/new_website,16 octobre 2015,Le DPB est fier d’inaugurer son tout nouveau site Web.,Duncan MacDonald
48,11,2015,https://www.pbo-dpb.gc.ca/fr/blog/news/EFOU_Dec2015,1 décembre 2015,"Selon le DPB, les perspectives à moyen terme du gouvernement quant à l’économie et au budget fédéral sont optimistes. En comparant les prévisions et à la lumière des révisions apportées à celles-ci, le DPB estime que les perspectives du solde budgétaire présentées par le gouvernement à moyen terme, soit pour les exercices 2019-2020 et 2020-2021, présentent un risque à la baisse.","Scott Cameron, Chris Matier"
49,11,2015,https://www.pbo-dpb.gc.ca/fr/blog/news/Veterans_Charter,19 novembre 2015,"Le Canada continue de payer les coûts d’une mission de combat même après que les Forces armées canadiennes se soient retirées du théâtre opérationnel. Parmi les coûts payés après la mission, le plus important pourrait bien être celui des soins offerts aux vétérans canadiens malades et blessés. L’analyse du directeur parlementaire du budget a pour objet d’expliquer les coûts post‑missions aux parlementaires. Ce rapport ne contient aucun changement proposé par le nouveau gouvernement.","Erin Barkel, Carleigh Malanik"
50,11,2015,https://www.pbo-dpb.gc.ca/fr/blog/news/Lapse%20Analysis,17 novembre 2015,"En 2013‑2014, le gouvernement a dépensé 9,3 milliards de dollars de moins que ce qu’il avait prévu à son budget. Cet écart s’explique par des dépenses inférieures aux estimations dans des programmes tels que les avantages fournis aux vétérans, la défense nationale et les projets d’infrastructure. Dans son budget de 2015, le gouvernement prévoit que le montant de crédits non dépensés diminuera au cours des cinq prochaines années. Une nouvelle analyse du DPB laisse toutefois penser que ce ne sera pas le cas. Si l’analyse du DPB se confirme, il faudra s’attendre à des dépenses de programmes inférieures aux prévisions, ce qui se traduira par une plus grande marge de manœuvre financière.",Jason Jacques
51,11,2015,https://www.pbo-dpb.gc.ca/fr/blog/news/Labour_Market_Assessment_2015,12 novembre 2015,"Le marché du travail s’est amélioré dans l’ensemble au Canada au cours de la dernière année, mais la main-d’œuvre demeure sous-utilisée dans certains secteurs et régions et au sein de certains groupes de travailleurs.","Helen Lao, Tim Scholz"
52,11,2015,https://www.pbo-dpb.gc.ca/fr/blog/news/EFO_NOV2015,10 novembre 2015,"Le DPB prévoit une reprise lente de l’économie canadienne, qui doit s’adapter à la baisse des prix des produits de base et à un rééquilibrage, les dépenses de consommation et le logement cédant le pas aux exportations et à l’investissement des entreprises. Se fondant uniquement sur les mesures contenues dans le budget de 2015, le DPB prévoit des déficits annuels qui atteindront en moyenne 4,3 milliards de dollars (0,2 % du PIB) de 2016-2017 à 2020-2021. La dette fédérale devrait reculer, passant de 31 % du PIB en 2014-2015 à 26,2 % en 2020-21.   2015 2016 2017 2018 2019 2020  -2016 -2017 -2018 -2019 -2020 -2021  Solde budgétaire (milliards de $) 1,2 -3,0 -4,7 -5,0 -4,6 -4,2  Dette fédérale (% du PIB) 30,8 29,9 28,8 27,9 27,1 26,2","Scott Cameron, Helen Lao, Tim Scholz, Chris Matier"
53,12,2015,https://www.pbo-dpb.gc.ca/fr/blog/news/Supps%20Estimates%20%28B%29%202015-16,9 décembre 2015,"La loi confie au directeur parlementaire du budget (DPB) le mandat de produire des rapports de recherche et d’analyse sur les prévisions budgétaires du gouvernement. Le Budget supplémentaire des dépenses (B) 2015-2016 prévoit des crédits supplémentaires de 813 millions de dollars, soit 810 millions de dollars en crédits votés et une somme de 3 millions de dollars pour des postes législatifs.","Duncan MacDonald, Nigel Wodrich"
54,12,2015,https://www.pbo-dpb.gc.ca/fr/blog/news/EFOU_Dec2015,1 décembre 2015,"Selon le DPB, les perspectives à moyen terme du gouvernement quant à l’économie et au budget fédéral sont optimistes. En comparant les prévisions et à la lumière des révisions apportées à celles-ci, le DPB estime que les perspectives du solde budgétaire présentées par le gouvernement à moyen terme, soit pour les exercices 2019-2020 et 2020-2021, présentent un risque à la baisse.","Scott Cameron, Chris Matier"
55,01,2016,https://www.pbo-dpb.gc.ca/fr/blog/news/Expenditure%20Monitor,26 janvier 2016,"Le total des dépenses gouvernementales pour le premier semestre de 2015‑2016 était de 124,7 milliards de dollars, en hausse de 5,5 % par rapport à la même période l’an dernier",Duncan MacDonald
56,01,2016,https://www.pbo-dpb.gc.ca/fr/blog/news/PIT,21 janvier 2016,"Selon les estimations du DPB, l’établissement d’un nouveau taux d’impôt sur le revenu des particuliers (IRP) de 33 % et la réduction du taux de la deuxième tranche, ramené à 20,5 % se traduiront par une réduction des recettes fiscales de 0,4 milliard de dollars en 2015-2016 et d’environ 1,7 milliard de dollars en moyenne chaque année de 2016-2017 à 2020-2021. La réduction du taux d’IRP, lequel passe de 15 à 14 %, entraînera une baisse des recettes fiscales de 0,9 milliard de dollars en 2015-2016 et d’environ 4,1 milliards de dollars en moyenne chaque année de 2016-2017 à 2020-2021. L’établissement d’une nouvelle tranche d’impôt applicable aux revenus excédant 200 000 $, au taux de 33 %, touchera principalement 1,4 % des contribuables les plus fortunés. La modification de la deuxième tranche d’imposition touchera 30 % des contribuables de la fourchette supérieure, tandis que la réduction de la première tranche se répercutera sur la fourchette supérieure de 60 % des contribuables de la fourchette supérieure.","Helen Lao, Carleigh Malanik"
57,01,2016,https://www.pbo-dpb.gc.ca/fr/blog/news/Household_Debt,19 janvier 2016,Le rapport analyse l’évolution de l’endettement des ménages au Canada et évalue les perspectives de vulnérabilité financière de ces ménages à moyen terme.,"Duncan MacDonald, Chris Matier"
58,02,2016,https://www.pbo-dpb.gc.ca/fr/blog/news/Supps_C_2015_16,1 mars 2016,Le présent document contient une analyse détaillée du troisième supplément du Budget principal des dépenses du gouvernement pour l’exercice 2015-2016.,Duncan MacDonald
59,02,2016,https://www.pbo-dpb.gc.ca/fr/blog/news/DFAA,25 février 2016,"Le DPB estime que le coût annuel moyen des Accords d’aide financière en cas de catastrophe causée par un événement météorologique (AAFCC) ces cinq prochaines années sera de 902 millions de dollars. Les trois quarts de ce coût seront attribuables aux inondations. Ces cinq et dix dernières années, le coût annuel moyen a été de 850 millions et de 489 millions de dollars respectivement. Le coût des AAFCC ces dix dernières années est à 81 % attribuable aux événements météorologiques survenus dans les Prairies.",Rod Story
60,03,2016,https://www.pbo-dpb.gc.ca/fr/blog/news/Mains_2016-17,17 mars 2016,"Le lecteur trouvera dans le présent document une analyse détaillée du Plan des dépenses du gouvernement fédéral et du Budget principal des dépenses pour 2016-2017, lequel appuie les deux premiers projets de loi de crédits que le gouvernement demande au Parlement d’approuver pour la somme de près de 90 milliards de dollars.",Duncan MacDonald
61,03,2016,https://www.pbo-dpb.gc.ca/fr/blog/news/Supps_C_2015_16,1 mars 2016,Le présent document contient une analyse détaillée du troisième supplément du Budget principal des dépenses du gouvernement pour l’exercice 2015-2016.,Duncan MacDonald
62,04,2016,https://www.pbo-dpb.gc.ca/fr/blog/news/Climate_Change_2016,21 avril 2016,"Le DPB examine l’engagement pris par le Canada à la COP21 à Paris et en expose les répercussions économiques possibles, globalement et selon les secteurs. Pour ce faire, il combine les tendances historiques de l’intensité des émissions et ses projections de l’économie canadienne jusqu’en 2030. Il explique que, pour atteindre les objectifs, il faudra que les principales sources d’émissions de GES comme les voitures et les camions soient au moins le tiers plus économes en carburant; d’autres secteurs devront aussi réduire leur consommation de carburant : la production d’électricité (près des deux tiers) et le secteur de l’extraction pétrolière et gazière (environ le quart). Les technologies nécessaires aux réductions existent déjà, mais leur application aura pour effet de ralentir légèrement le taux de croissance des revenus étant donné que les sources d’énergie peu coûteuses devront être remplacées par d’autres qui le sont un peu plus.",Philip Bagnoli
63,04,2016,https://www.pbo-dpb.gc.ca/fr/blog/news/EFO_APR2016,19 avril 2016,Le présent rapport donne suite à la motion adoptée par le Comité permanent des finances le 4 février 2016. Il tient compte des données disponibles jusqu’au 12 avril 2016 inclusivement.,
64,04,2016,https://www.pbo-dpb.gc.ca/fr/blog/news/EM_2015-16Q3,15 avril 2016,"La présente analyse traite de la mise en œuvre, durant les neuf premiers mois de l’exercice, du plan des dépenses du gouvernement présenté dans le budget de 2015.","Duncan MacDonald, Nigel Wodrich"
65,04,2016,https://www.pbo-dpb.gc.ca/fr/blog/news/BUD2016KeyUpdate,8 avril 2016,"En utilisant les données fournies par Finances Canada le 8 avril 2016, le DPB a mis à jour Tableau Sommaire 2 (Tableau 1-2) présenté dans son rapport du 6 avril 2016 intitulé Budget 2016 : les questions clés pour les parlementaires","Scott Cameron, Chris Matier"
66,04,2016,https://www.pbo-dpb.gc.ca/fr/blog/news/BUD2016KEY,6 avril 2016,Le présent rapport a été produit pour aider les parlementaires à mener leurs délibérations sur le Budget de 2016. On y cerne des enjeux principaux liés à ce budget : 1) la présentation du plan financier; 2) l’ajustement par le gouvernement des hypothèses économiques du secteur privé sous jacentes à son plan financier; 3) l’estimation par Finances Canada de l’incidence économique de ses mesures budgétaires.,"Scott Cameron, Chris Matier"
67,05,2016,https://www.pbo-dpb.gc.ca/fr/blog/news/C-239_Charitable_Contributions,31 mai 2016,"La présente note, qui donne suite à une demande formulée par M. Pierre-Luc Dusseault, député de Sherbrooke, propose une estimation des coûts du projet de loi C‑239, Loi modifiant la Loi de l’impôt sur le revenu (dons de bienfaisance).",Jason Jacques
68,05,2016,https://www.pbo-dpb.gc.ca/fr/blog/news/C-241_GST_Rebate_for_Scholastic_Authorities,31 mai 2016,"Cette note présente une estimation de l'impact fiscal du projet de loi C-241, Loi modifiant la Loi sur la taxe d'accise (administrations scolaires).",Peter Weltman
69,05,2016,https://www.pbo-dpb.gc.ca/fr/blog/news/Supps_A_2016-17,18 mai 2016,Le présent document présente une analyse détaillée du premier supplément au Budget principal des dépenses du gouvernement pour l’exercice 2016-2017.,"Jason Jacques, Duncan MacDonald"
70,05,2016,https://www.pbo-dpb.gc.ca/fr/blog/news/Targeted_Tax_Credit,17 mai 2016,"En réponse à une requête du sénateur Larry Smith, président du Comité sénatorial permanent des finances nationales, le directeur parlementaire du budget (DPB) utilise quatre méthodes pour estimer le niveau d’un hypothétique avantage que l’on pourrait accorder aux particuliers dont le revenu imposable se situe dans la deuxième tranche d’imposition sachant que le coût global des dits avantages doit être équivalent en valeur absolue au niveau estimé des recettes générées par l’instauration d’un taux d’imposition de 33 % sur les revenus de plus de 200 000 $.","Jason Jacques, Carleigh Malanik"
71,05,2016,https://www.pbo-dpb.gc.ca/fr/blog/news/Small%20Business%20Tax%20Rate,10 mai 2016,"Pour donner suite à une demande formulée par un député, le DPB a établi une estimation des incidences financières et économiques de la décision annoncée dans le budget de 2016 de maintenir le taux d’imposition des petites entreprises et le taux effectif de l’impôt sur les dividendes correspondant à 10,5 %. Conformément au budget de 2015, la loi prévoit une réduction progressive du taux jusqu’à 9 %.","Duncan MacDonald, Tim Scholz"
72,05,2016,https://www.pbo-dpb.gc.ca/fr/blog/news/PSE_2016,5 mai 2016,"Le DPB estime qu’en 2013-2014, les dépenses fédérales totales pour l’éducation postsecondaire ont atteint 12,3 milliards de dollars. Tenant compte des annonces récentes faites dans le cadre du Budget 2016, il estime que ces dépenses dépasseront les 15,7 milliards de dollars d’ici 2020-2021. Au cours des dix dernières années, les dépenses fédérales pour l’éducation postsecondaire axée sur la formation du capital humain ont surtout profité aux familles les mieux nanties, étant donné qu’une part grandissante de ce soutien est offerte par l’entremise du régime fiscal en particulier ainsi que des régimes enregistrés d’épargne-études.","Nigel Wodrich, Elizabeth Cahill"
73,06,2016,https://www.pbo-dpb.gc.ca/fr/blog/news/FSR_2016,28 juin 2016,"Le présent rapport élargit l’analyse à moyen terme du directeur parlementaire du budget (DPB) dans l’objectif d’évaluer la viabilité financière du gouvernement fédéral, des administrations infranationales et des régimes de retraite généraux.","Scott Cameron, Chris Matier"
74,06,2016,https://www.pbo-dpb.gc.ca/fr/blog/news/Budget2016_Families,2 juin 2016,"Pour donner suite à une demande formulée par la députée d’Elgin—Middlesex—London, Mme Karen Vecchio, le DPB a établi une estimation des incidences financières des mesures prévues dans le budget de 2016 sur huit types de familles ayant des enfants, selon les termes de la demande.","Helen Lao, Carleigh Malanik"
75,07,2016,https://www.pbo-dpb.gc.ca/fr/blog/news/Draft_Mandate,20 juillet 2016,Documents de discussion en vue de la consultation sur le renouvellement du mandat du directeur parlementaire du budget,Yves Giroux
76,07,2016,https://www.pbo-dpb.gc.ca/fr/blog/news/FSR2016_Clairification,7 juillet 2016,"Le présent billet clarifie le Rapport sur la viabilité financière de 2016 et fournit des renseignements supplémentaires connexes en réponse au commentaire d’A. Yalnizyan du 29 juin 2016, intitulé « Why Canada’s long-term fiscal prospects are not a hot mess » (http://behindthenumbers.ca/2016/06/29/why-canadas-long-term-fiscal-prospects-are-not-a-hot- mess/).In response to the 29 June 2016 commentary “Why Canada’s long-term fiscal prospects are not a hot mess” by A. Yalnizyan (available at: http://behindthenumbers.ca/2016/06/29/why-canadas-long- term-fiscal-prospects-are-not-a-hot-mess/ ), this blog post provides clarification and additional information related to our 2016 Fiscal Sustainability Report.",Chris Matier
77,08,2016,https://www.pbo-dpb.gc.ca/fr/blog/news/CCB,1 septembre 2016,"Le présent rapport porte sur les répercussions financières nettes de la mise en œuvre du nouveau système de prestations pour enfants, et de l’annulation simultanée des volets fédéraux de l’ancien système. En outre, le rapport contient une projection sur 10 ans comparant le nouveau système à l’ancien, de même qu’une analyse de répartition pour l’exercice 2017-2018.",Carleigh Malanik
78,08,2016,https://www.pbo-dpb.gc.ca/fr/blog/news/Tax_Transfer_Calculator,1 septembre 2016,"Le DPB a élaboré un outil interactif en ligne permettant d’estimer l’incidence financière, sur les ménages, de certains changements apportés au régime fédéral d’impôt et de transferts prévus dans le budget de 2016 et le projet de loi C-2.","Duncan MacDonald, Carleigh Malanik, Suad Gazali"
79,08,2016,https://www.pbo-dpb.gc.ca/fr/blog/news/Confed_Bridge,31 août 2016,"Le présent rapport, produit à la demande de l’honorable Percy Downe, sénateur de l’Île-du-Prince-Édouard, évalue les coûts du crédit d’impôt personnel non remboursable proposé pour les droits de péage du pont de la Confédération payés par les résidents locaux, c’est‑à‑dire les résidents vivant dans l’Île-du-Prince-Édouard.",Jason Jacques
80,08,2016,https://www.pbo-dpb.gc.ca/fr/blog/news/Bill_C-261,17 août 2016,Ce projet de loi d’initiative parlementaire modifie la Loi sur la pension de retraite des Forces canadiennes et la Loi sur la pension de retraite de la Gendarmerie royale du Canada afin d’augmenter l’allocation aux survivants et aux enfants.,Peter Weltman
81,08,2016,https://www.pbo-dpb.gc.ca/fr/blog/news/Bill_S-209,17 août 2016,Ce projet de loi d’initiative parlementaire modifie la partie IV (Communications avec le public et prestation des services) de la Loi sur les langues officielles,Peter Weltman
82,09,2016,https://www.pbo-dpb.gc.ca/fr/blog/news/Expenditure_Monitor_2016-17_Q1,29 septembre 2016,"La présente analyse traite de la mise en œuvre, durant les trois premiers mois de l’exercice, du plan des dépenses du gouvernement présenté dans le budget de 2016.","Duncan MacDonald, Vania Georgieva"
83,09,2016,https://www.pbo-dpb.gc.ca/fr/blog/news/CCB,1 septembre 2016,"Le présent rapport porte sur les répercussions financières nettes de la mise en œuvre du nouveau système de prestations pour enfants, et de l’annulation simultanée des volets fédéraux de l’ancien système. En outre, le rapport contient une projection sur 10 ans comparant le nouveau système à l’ancien, de même qu’une analyse de répartition pour l’exercice 2017-2018.",Carleigh Malanik
84,09,2016,https://www.pbo-dpb.gc.ca/fr/blog/news/Tax_Transfer_Calculator,1 septembre 2016,"Le DPB a élaboré un outil interactif en ligne permettant d’estimer l’incidence financière, sur les ménages, de certains changements apportés au régime fédéral d’impôt et de transferts prévus dans le budget de 2016 et le projet de loi C-2.","Duncan MacDonald, Carleigh Malanik, Suad Gazali"
85,10,2016,https://www.pbo-dpb.gc.ca/fr/blog/news/Legalized_Cannabis,1 novembre 2016,"Le présent rapport fournit des prévisions sur les paramètres économiques du marché du cannabis, notamment le nombre de consommateurs, la consommation globale et les prix du produit. Il donne aussi un aperçu des recettes qui pourraient découler de la vente de cannabis légal, selon les données actuelles et projetées sur le marché, ainsi que des objectifs déclarés du gouvernement.",Nigel Wodrich
86,10,2016,https://www.pbo-dpb.gc.ca/fr/blog/news/LMA_2016,27 octobre 2016,"Le DPB constate que la plupart des indicateurs du marché du travail demeurent passablement près des niveaux tendanciels, à l’exception de la moyenne des heures travaillées, qui est inférieure à la tendance. D’après son analyse, au niveau national, le marché du travail fonctionne actuellement en deçà de sa capacité durable, la transition démographique commençant à se faire sentir.",Tim Scholz
87,10,2016,https://www.pbo-dpb.gc.ca/fr/blog/news/EFO_October_2016,24 octobre 2016,"Suite à la motion qu’a adoptée le Comité permanent des finances le 4 février 2016, le présent rapport fournit les perspectives économiques et financières du DPB.",Chris Matier
88,11,2016,https://www.pbo-dpb.gc.ca/fr/blog/news/Bill%20C-2,24 novembre 2016,,
89,11,2016,https://www.pbo-dpb.gc.ca/fr/blog/news/2015-16%20Report%20on%20Activies,23 novembre 2016,"Je suis heureux de présenter le troisième compte rendu sur les activités du Bureau du directeur parlementaire du budget (DPB), qui porte sur l’exercice 2015-2016. Le présent rapport prend un virage par rapport aux précédents car, en plus de couvrir les activités du Bureau du directeur parlementaire du budget au cours de l’exercice passé, il présente un historique détaillé des événements – législatifs ou non – qui ont marqué ses opérations depuis son établissement.",Yves Giroux
90,11,2016,https://www.pbo-dpb.gc.ca/fr/blog/news/Business_of_Supply,22 novembre 2016,Le présent rapport soumet aux parlementaires des considérations sur la réforme des travaux des subsides proposée par le gouvernement.,Jason Jacques
91,11,2016,https://www.pbo-dpb.gc.ca/fr/blog/news/Supps_B_2016_17,17 novembre 2016,Le présent rapport présente une analyse détaillée du deuxième supplément au Budget principal des dépenses du gouvernement pour l’exercice 2016-2017.,"Jason Jacques, Trevor Shaw, Nigel Wodrich, Vania Georgieva"
92,11,2016,https://www.pbo-dpb.gc.ca/fr/blog/news/FES_2016,14 novembre 2016,"Afin d’aider les parlementaires dans leurs délibérations prébudgétaires, le présent rapport détermine les enjeux principaux découlant de l’Énoncé économique de l’automne 2016 du gouvernement.",Chris Matier
93,11,2016,https://www.pbo-dpb.gc.ca/fr/blog/news/Legalized_Cannabis,1 novembre 2016,"Le présent rapport fournit des prévisions sur les paramètres économiques du marché du cannabis, notamment le nombre de consommateurs, la consommation globale et les prix du produit. Il donne aussi un aperçu des recettes qui pourraient découler de la vente de cannabis légal, selon les données actuelles et projetées sur le marché, ainsi que des objectifs déclarés du gouvernement.",Nigel Wodrich
94,12,2016,https://www.pbo-dpb.gc.ca/fr/blog/news/CCB_Indexation,14 décembre 2016,"En octobre 2016, on a proposé, dans le projet de loi C-29, Loi no 2 portant exécution de certaines dispositions du budget déposé au Parlement le 22 mars 2016 et mettant en œuvre d’autres mesures, que l’Allocation canadienne pour enfants soit indexée à compter de 2020. Tant les prestations de base que les seuils de revenu seraient indexés en fonction de l’indice des prix à la consommation (IPC). Nous fournissons, dans le présent rapport, une mise à jour de l’Analyse financière des prestations fédérales pour enfants et estimons le coût de l’indexation si la première année d’indexation est 2020.",Carleigh Malanik
95,12,2016,https://www.pbo-dpb.gc.ca/fr/blog/news/Household_Formation,13 décembre 2016,"Le présent rapport fournit une évaluation de la formation des ménages et du parc de logements au Canada et tente de mesurer le degré d’équilibre dans le secteur du logement, tant sur le plan des nouvelles unités d’habitation que de l’ensemble du parc de logements.","Chris Matier, Vania Georgieva"
96,12,2016,https://www.pbo-dpb.gc.ca/fr/blog/news/First_Nations_Education,6 décembre 2016,Le présent rapport répond à une demande du député de Timmins–Baie James d’estimer les coûts et les dépenses engagées dans le cadre des programmes d’éducation des Premières Nations et de comparer ces estimations aux dépenses provinciales en matière d’éducation.,
97,01,2017,https://www.pbo-dpb.gc.ca/fr/blog/news/CIT,31 janvier 2017,Le DPB a mis en place un modèle de microsimulation pour estimer l'incidence fiscale des changements apportés au régime fédéral d'imposition des sociétés.,"Duncan MacDonald, Tim Scholz"
98,01,2017,https://www.pbo-dpb.gc.ca/fr/blog/news/Expenditure_Monitor_2016-17_Q2,10 janvier 2017,"Les dépenses gouvernementales du premier semestre de 2016-2017 se sont élevées à 136,5 milliards de dollars, soit une hausse de 3,7 % par rapport à la même période de l’exercice précédent. La hausse est plus lente que la progression des dépenses prévue au budget (5,6 %) à cause de retards dans la mise en œuvre des priorités économiques du gouvernement, notamment les nouveaux investissements dans les infrastructures.","Jason Jacques, Vania Georgieva"
99,02,2017,https://www.pbo-dpb.gc.ca/fr/blog/news/Supplementary%20C%202016-2017,23 février 2017,Ce rapport présente une analyse détaillée du troisième supplément du Budget des dépenses du gouvernement pour l’année financière 2016-2017.,"Jason Jacques, Alex Smith, Negash Haile"
100,02,2017,https://www.pbo-dpb.gc.ca/fr/blog/news/TRAN%20February%202017,21 février 2017,"Allocution du DPB au comité permanent des transports, de l'infrastructure et des collectivités sur le nouveau plan d'infrastructure et tableau des incidences économiques et financières.",Yves Giroux
101,02,2017,https://www.pbo-dpb.gc.ca/fr/blog/news/Senate%20National%20Finance%20Committee%20appearance,7 février 2017,Je vous remercie pour cette invitation à comparaître afin de poursuivre notre discussion sur le Nouveau plan en matière d’infrastructures du Canada.,Yves Giroux
102,02,2017,https://www.pbo-dpb.gc.ca/fr/blog/news/EFM_2016_17,3 février 2017,Le présent rapport fournit une estimation du produit intérieur brut pour l’année 2016 et le solde budgétaire du gouvernement du Canada en 2016-2017 selon les données publiées depuis les Perspectives économiques et financières d’octobre 2016.,Chris Matier
103,02,2017,https://www.pbo-dpb.gc.ca/fr/blog/news/NIP,2 février 2017,"Dans le présent rapport, nous analysons le nouveau plan en matière d’infrastructure du gouvernement, annoncé dans le budget fédéral de 2016 et l’Énoncé économique de l’automne 2016. La présente analyse vise à aider les parlementaires à comprendre les résultats du programme et les risques éventuels de ceux-ci.",Peter Weltman
104,03,2017,https://www.pbo-dpb.gc.ca/fr/blog/news/Bill%20C-274,30 mars 2017,Le projet de loi C‑274 était un projet de loi d’initiative parlementaire qui visait à faciliter le transfert de petites entreprises ou de sociétés agricoles ou de pêche familiale entre les membres d’une même famille en modifiant la Loi de l’impôt sur le revenu (LIR). Il aurait permis aux propriétaires et aux acheteurs d’une même famille de jouir des mêmes droits et privilèges que dans le cas d’une transaction entre des personnes non apparentées.,"Yves Giroux, Mark Mahabir"
105,03,2017,https://www.pbo-dpb.gc.ca/fr/blog/news/Main_%20Estimates_2017_18,9 mars 2017,"Ce rapport présente une analyse détaillée du Plan des dépenses du gouvernement fédéral et du Budget principal des dépenses pour 2017 2018, lequel appuie les deux premiers projets de loi de crédits que le gouvernement demande au Parlement d’approuver pour la somme de 102 milliards de dollars.","Jason Jacques, Alex Smith"
106,04,2017,https://www.pbo-dpb.gc.ca/fr/blog/news/PBO%20remarks%20to%20FINA,1 mai 2017,Allocution du DPB au Comité permanent des finances de la Chambre des communes.,Yves Giroux
107,04,2017,https://www.pbo-dpb.gc.ca/fr/blog/news/EFO_April_2017,28 avril 2017,"Le présent rapport vise à donner suite à la motion adoptée par le Comité permanent des finances le 4 février 2016 : « Que, conformément au mandat du directeur parlementaire du budget de fournir de façon indépendante des analyses sur la situation financière du Canada et les tendances de l’économie nationale (tel que stipulé dans la section 79.2 de la Loi sur le Parlement du Canada), le directeur parlementaire du budget fournisse au Comité une perspective économique et fiscale deux fois par année civile, soit la quatrième semaine du mois d’octobre et la quatrième semaine du mois d’avril, et par la suite, que le directeur demeure disponible pour comparaître devant le Comité afin de discuter de ces conclusions ».","Trevor Shaw, Tim Scholz"
108,05,2017,https://www.pbo-dpb.gc.ca/fr/blog/news/CSC_costing,1 juin 2017,Le présent rapport a pour objectif de fournir une estimation du coût du programme des navires de combat canadiens (NCC) du ministère de la Défense nationale (MDN).,Rod Story
109,05,2017,https://www.pbo-dpb.gc.ca/fr/blog/news/Household_Formation_May_2017,30 mai 2017,"Le présent rapport répond à la demande faite par l’honorable Elizabeth Marshall le 10 mai 2017 de faire le point sur le rapport publié par le DPB le 13 décembre 2016, qui s’intitulait « La formation de ménages et le parc de logements : une perspective stock-flux ». Il fournit une évaluation à jour de la formation des ménages et du parc de logements au Canada, ainsi que de nouvelles perspectives à moyen terme sur le secteur du logement.",Chris Matier
110,05,2017,https://www.pbo-dpb.gc.ca/fr/blog/news/Tracking_Budget_2016,30 mai 2017,"Le présent document offre un suivi de la mise en œuvre, pendant l’exercice 2016 2017, des mesures de dépenses et de fiscalité énoncées dans le Budget de 2016.",Alex Smith
111,05,2017,https://www.pbo-dpb.gc.ca/fr/blog/news/Supps_A_2017-18,26 mai 2017,Le présent rapport contient une analyse détaillée du premier Budget supplémentaire des dépenses du gouvernement pour l’exercice 2017-2018.,"Alex Smith, Negash Haile"
112,05,2017,https://www.pbo-dpb.gc.ca/fr/blog/news/Public_transit_tax_credit,23 mai 2017,"En réponse à une demande du député de Carleton, l’honorable Pierre Poilievre, le DPB a rédigé un court document d’information sur les répercussions potentielles de l’élimination du crédit d’impôt pour le transport en commun du gouvernement fédéral.",Jason Jacques
113,05,2017,https://www.pbo-dpb.gc.ca/fr/blog/news/Fiscal_Sensitivity_Analysis,12 mai 2017,Le DPB a produit une analyse de la sensibilité de nos perspectives budgétaires à trois types de chocs économiques. Il a également lancé une application Web interactive afin que le public puisse évaluer l’incidence des variations dans certaines hypothèses macroéconomiques relatives à la croissance et aux taux d’intérêt sur les projections budgétaires du DPB. http://www.pbo-dpb.gc.ca/fr/fiscal-tool,Jason Jacques
114,05,2017,https://www.pbo-dpb.gc.ca/fr/blog/news/PBO%20remarks%20to%20Senate%20Committee%20on%20National%20Finance,10 mai 2017,"Allocution du DPB au comité sénatorial permanent des finances nationales sur les modifications au mandat et aux opérations du DPB, tel que proposées dans le projet de loi C-44.",Yves Giroux
115,05,2017,https://www.pbo-dpb.gc.ca/fr/blog/news/PBO_Discussion_paper_Bill_C-44,3 mai 2017,"Le présent document de travail a pour but d’aider les sénateurs et les députés dans l’étude des articles 128 à 129 et 131 à 190 de la section 7, partie 4 du projet de loi C-44 : Loi portant exécution de certaines dispositions du budget déposé au Parlement le 22 mars 2017 et mettant en œuvre d’autres mesures.",Yves Giroux
116,05,2017,https://www.pbo-dpb.gc.ca/fr/blog/news/PBO_Nanos_Research,3 mai 2017,"Le DPB publie les conclusions de Nanos afin qu’elle mène des consultations auprès des parties intéressées, sous la forme de groupes de discussion et d’entrevues d’élite. Dans l’ensemble, les consultations visaient à permettre au DPB de mieux comprendre les facteurs de satisfaction des intervenants relativement aux produits, aux rapports et aux analyses qu’il leur offre, et ainsi améliorer ses services aux parlementaires et aux parties intéressées.",Yves Giroux
117,05,2017,https://www.pbo-dpb.gc.ca/fr/blog/news/CETA_Prospective_Analysis,2 mai 2017,"Le DPB s’est penché sur l’incidence prévue de l’Accord économique et commercial global (AECG) sur le Canada. Même si l’accord est de grande envergure, il ne devrait pas avoir une incidence globale importante sur l’économie canadienne par rapport à celle qu’a eue l’ALENA. Certains secteurs pourraient néanmoins être touchés de manière considérable, notamment ceux dont les biens se voient actuellement appliquer des droits de douane supérieurs à 10 %. Le commerce des services entre le Canada et l’Union européenne sera aussi touché, puisqu’un certain nombre d’obstacles commerciaux non tarifaires seront réduits. La variation en dollars des échanges commerciaux sera relativement minime puisque le niveau de départ de ceux-ci est faible. Or, par rapport aux échanges commerciaux actuels, la variation pourrait être importante. Le Canada prolongera aussi la période d’exclusivité de commercialisation des médicaments existants de près de deux ans. Cela empêchera l’entrée de médicaments génériques moins coûteux sur le marché et prolongera le flux des paiements de redevances et de dividendes à des entités à l’étranger. L’incidence sur la balance extérieure du Canada sera donc aussi faible.","Duncan MacDonald, Philip Bagnoli, Vania Georgieva"
118,05,2017,https://www.pbo-dpb.gc.ca/fr/blog/news/PBO%20remarks%20to%20FINA,1 mai 2017,Allocution du DPB au Comité permanent des finances de la Chambre des communes.,Yves Giroux
119,06,2017,https://www.pbo-dpb.gc.ca/fr/blog/news/HH_Vulnerability,20 juin 2017,"Le présent rapport examine les récents développements concernant les finances des ménages, dont il évalue les perspectives de vulnérabilité financière à moyen terme en fonction des Perspectives économiques et financières d’avril 2017 du DPB.",Chris Matier
120,06,2017,https://www.pbo-dpb.gc.ca/fr/blog/news/PBO%20remarks%20to%20OGGO,20 juin 2017,Allocution du DPB au comité permanent des opérations gouvernementales et des prévisions budgétaires sur le processus budgétaire et les récents rapports du DPB sur les budgets des dépenses.,Yves Giroux
121,06,2017,https://www.pbo-dpb.gc.ca/fr/blog/news/CSC_costing,1 juin 2017,Le présent rapport a pour objectif de fournir une estimation du coût du programme des navires de combat canadiens (NCC) du ministère de la Défense nationale (MDN).,Rod Story
122,08,2017,https://www.pbo-dpb.gc.ca/fr/blog/news/EFM_August_2017,17 août 2017,Le présent rapport fournit une estimation du produit intérieur brut pour l’année 2017 et le solde budgétaire du gouvernement du Canada en 2016-2017 et 2017- 2018 selon les données publiées depuis les Perspectives économiques et financières d’avril 2017.,"Alex Smith, Tim Scholz"
123,09,2017,https://www.pbo-dpb.gc.ca/fr/blog/news/Pharmacare,28 septembre 2017,Le présent document donne une évaluation des coûts que le gouvernement fédéral devrait assumer pour mettre en œuvre d’un programme national d’assurance-médicaments. Figure 1-3 mise à jour le 11 novembre 2017,Carleigh Malanik
124,10,2017,https://www.pbo-dpb.gc.ca/fr/blog/news/EFO_Oct_2017,31 octobre 2017,"Conformément à son mandat législatif, le directeur parlementaire du budget présente ici ses perspectives économiques et financières.","Trevor Shaw, Chris Matier"
125,10,2017,https://www.pbo-dpb.gc.ca/fr/blog/news/FSR_2017_follow-up%20%20%5BR%C3%A9vis%C3%A9%20%2022%20December%202017%5D,25 octobre 2017,Cet article présente un complément d’information sur la méthode de projection financière à long terme employée dans le Rapport sur la viabilité financière de 2017 (RVF) du DPB publié le 5 octobre 2017.,"Trevor Shaw, Chris Matier"
126,10,2017,https://www.pbo-dpb.gc.ca/fr/blog/news/Cost_estimate_Bill_C-323,19 octobre 2017,Le projet de loi C-323 est un projet de loi d’initiative parlementaire qui modifierait la Loi de l’impôt sur le revenu pour créer un crédit d’impôt correspondant à 20 % des dépenses engagées pour la réhabilitation d’une propriété historique et pour créer une déduction pour amortissement relative au coût en capital des biens utilisés aux fins de la réhabilitation de la propriété.,Govindadeva Bernier
127,10,2017,https://www.pbo-dpb.gc.ca/fr/blog/news/HESA_2017-10-17,17 octobre 2017,Invitation to appear before the Standing Committee on Health to discuss Federal Cost of a National Pharmacare Program report,
128,10,2017,https://www.pbo-dpb.gc.ca/fr/blog/news/FSR_October_2017,5 octobre 2017,"Dans ce rapport, le DPB présente son évaluation de la viabilité financière à long terme du gouvernement fédéral, des administrations infranationales et des régimes de retraite publics.","Jason Jacques, Alex Smith, Trevor Shaw, Tim Scholz, Chris Matier, Govindadeva Bernier, Negash Haile"
129,10,2017,https://www.pbo-dpb.gc.ca/fr/blog/news/tax_cannabis,4 octobre 2017,,Yves Giroux
130,11,2017,https://www.pbo-dpb.gc.ca/fr/blog/news/Changes_to_Taxation_of_CPII,23 novembre 2017,"Le 18 juillet 2017, le ministre des Finances a annoncé le lancement de consultations sur les stratégies de planification fiscale au moyen des sociétés privées. Le présent rapport fournit une analyse de l’une des propositions discutées, soit l’apport de changements à l’imposition des revenus de placements passifs des sociétés.","Tim Scholz, Govindadeva Bernier"
131,11,2017,https://www.pbo-dpb.gc.ca/fr/blog/news/Fed_Support_Low_Income,21 novembre 2017,"Entre 3,2 et 5,0 millions de Canadiens ont un faible revenu. En 2016, le gouvernement s’est engagé à élaborer une stratégie de réduction de la pauvreté. Le directeur parlementaire du budget a recensé les mesures de soutien et services fédéraux destinés aux Canadiens à faible revenu et aux groupes vulnérables. Nous avons relevé 75 initiatives fédérales qui offrent une aide financière ou des services, d’une valeur globale d’environ 57 milliards de dollars.","Alex Smith, Nasreddine Ammar"
132,11,2017,https://www.pbo-dpb.gc.ca/fr/blog/news/FES_2017,21 novembre 2017,Le présent rapport définit les principaux enjeux découlant de l’Énoncé économique de l’automne du gouvernement.,"Trevor Shaw, Chris Matier"
133,11,2017,https://www.pbo-dpb.gc.ca/fr/blog/news/FSR2017_Health-Care_drivers,20 novembre 2017,Vous trouverez ci-dessous un tableau des facteurs d’accroissement des dépenses provinciales et territoriales en santé.,Chris Matier
134,11,2017,https://www.pbo-dpb.gc.ca/fr/blog/news/PBO_Annual_Report,17 novembre 2017,Compte rendu sur les activités du Bureau du directeur parlementaire du budget pour 2016-2017,Yves Giroux
135,11,2017,https://www.pbo-dpb.gc.ca/fr/blog/news/FINA%2031Oct017%20follow-up,10 novembre 2017,FINA - Analyse de suivi au rapport « Perspectives économiques et financierès » Octobre 2017,Yves Giroux
136,11,2017,https://www.pbo-dpb.gc.ca/fr/blog/news/HESA_follow-up,8 novembre 2017,Analyse de suivi au rapport « Coûts pour le gouvernement fédéral d'un programme national d'assurance-médicaments »,Yves Giroux
137,11,2017,https://www.pbo-dpb.gc.ca/fr/blog/news/Supps_%28B%29_2017_18,7 novembre 2017,Le présent rapport contient une analyse détaillée du deuxième Budget supplémentaire des dépenses du gouvernement pour l’exercice 2017-2018.,"Jason Jacques, Negash Haile"
138,12,2017,https://www.pbo-dpb.gc.ca/fr/blog/news/Bill_C-342,12 décembre 2017,"Le DPB examine les régimes provinciaux de tarification du carbone afin d'estimer le coût de l'exclusion des taxes, droits ou frais imposés par une province relativement au carbone dans le calcul de la TPS.",Nasreddine Ammar
139,12,2017,https://www.pbo-dpb.gc.ca/fr/blog/news/FN_Water_Infrastructure,7 décembre 2017,"Ce rapport répond à une demande de M. Charlie Angus, député de Timmins Baie James, pour une estimation des coûts d’amélioration des infrastructures d’approvisionnement en eau et de traitement des eaux usées dans les réserves des Premières Nations, dans le but d’éliminer les avis d’ébullition de l’eau à long terme, et pour une comparaison entre cette estimation et les dépenses réelles et prévues incluant le financement annoncé dans le Budget 2016. le DPB estime qu’il faudrait faire des dépenses en immobilisations d’au moins 3,2 milliards de dollars pour répondre aux besoins réels et futurs d’alimentation en eau et de traitement des eaux usées jusqu’à 2020. De plus, le DPB estime que les frais de fonctionnement et d’entretien annuels se chiffreraient à 361 millions de dollars. L’analyse du DPB révèle que les dépenses en immobilisations nécessaires et les coûts de fonctionnement et entretien (F et E) sont considérablement plus élevés que le financement réel et prévu.",Nasreddine Ammar
140,12,2017,https://www.pbo-dpb.gc.ca/fr/blog/news/Bill_S-3,5 décembre 2017,Le projet de loi S‑3 modifie la Loi sur les Indiens afin de supprimer les inégalités fondées sur le sexe qui persistent en matière d'inscription au Registre des Indiens. Ce rapport estime le coût du projet de loi S-3.,Ben Segel-Brown
141,01,2018,https://www.pbo-dpb.gc.ca/fr/blog/news/PBO_Work_Plan_2018-19,31 janvier 2018,,Yves Giroux
142,01,2018,https://www.pbo-dpb.gc.ca/fr/blog/news/Bill_C-364,30 janvier 2018,"Le projet de loi C-364 est un projet de loi d’initiative parlementaire qui vise à modifier la Loi électorale du Canada en réduisant les plafonds annuels des contributions politiques, tout en rétablissant le financement public des partis politiques enregistrés par le truchement d’allocations trimestrielles. La Loi de l’impôt sur le revenu serait modifiée en conséquence, puisque le montant du crédit d’impôt pour contribution politique pouvant être réclamé par un particulier changerait. Ce rapport estime le coût du projet de loi C-364.",Jason Stanton
143,01,2018,https://www.pbo-dpb.gc.ca/fr/blog/news/EFM_January2018,23 janvier 2018,Le présent rapport fournit une estimation en cours d’exercice du produit intérieur brut pour l’année 2017 et le solde budgétaire du gouvernement du Canada en 2017-2018 selon les données publiées depuis les Perspectives économiques et financières d’octobre 2017 jusqu’au 12 janvier 2018 inclusivement.,"Trevor Shaw, Tim Scholz"
144,01,2018,https://www.pbo-dpb.gc.ca/fr/blog/news/LT_Projection_Comparison,23 janvier 2018,"Le présent rapport compare les projections économiques et financières à long terme préparées, en 2017, par Finances Canada et le DPB.","Trevor Shaw, Tim Scholz"
145,02,2018,https://www.pbo-dpb.gc.ca/fr/blog/news/Supps_C_2017-18,26 février 2018,Le présent rapport contient une analyse détaillée du troisième Budget supplémentaire des dépenses du gouvernement pour l’exercice 2017-2018.,Jason Stanton
146,03,2018,https://www.pbo-dpb.gc.ca/fr/blog/news/Infrastructure_Update,29 mars 2018,"Le présent rapport fait le point sur la phase 1 du nouveau plan du gouvernement en matière d’infrastructure, qui a été annoncé dans le budget de 2016 et qui vise à stimuler la croissance économique à court terme.",Negash Haile
147,03,2018,https://www.pbo-dpb.gc.ca/fr/blog/news/Update_Incarcertation,22 mars 2018,"Dans le présent rapport, le directeur parlementaire du budget actualise les estimations relatives aux coûts financiers afférents aux délinquants incarcérés dans les établissements fédéraux. Les analyses effectuées ne prennent toutefois pas en compte les coûts des interventions correctionnelles et des services internes.",Ben Segel-Brown
148,03,2018,https://www.pbo-dpb.gc.ca/fr/blog/news/Federal_transfers,20 mars 2018,"Le présent rapport fournit une analyse de scénarios à long terme relativement aux trois plus importants transferts fédéraux : la péréquation, le Transfert canadien en matière de santé et le Transfert canadien en matière de programmes sociaux.",Trevor Shaw
149,03,2018,https://www.pbo-dpb.gc.ca/fr/blog/news/Fed_personnel_spending,20 mars 2018,"Ce rapport examine les dépenses fédérales liées au personnel, y compris : (i) les tendances récentes des dépenses en personnel fédéral, (ii) les prévisions à moyen terme du DPB pour les dépenses en personnel et (iii) l’analyse des facteurs de coût importants que sous-tendent les prévisions liées au personnel du DPB.",Trevor Shaw
150,03,2018,https://www.pbo-dpb.gc.ca/fr/blog/news/Budget_2018_Issues,15 mars 2018,Le présent rapport a été produit pour aider les parlementaires à mener leurs délibérations sur le budget de 2018.,"Trevor Shaw, Chris Matier, Jason Stanton"
151,03,2018,https://www.pbo-dpb.gc.ca/fr/blog/news/Income_Sprinkling,8 mars 2018,"En juillet 2017, le ministre des Finances a annoncé le lancement de consultations sur la planification fiscale au moyen des sociétés privées. Le présent rapport analyse les changements possibles à l’imposition des dividendes versés à des membres de la famille de propriétaires de sociétés privées sous contrôle canadien, l’une des politiques proposées dans le cadre des consultations et confirmée dans le Budget 2018. Il tient également compte des précisions apportées par le ministre en décembre 2017.","Tim Scholz, Govindadeva Bernier"
152,04,2018,https://www.pbo-dpb.gc.ca/fr/blog/news/Main_Estimates_2018-19,1 mai 2018,"Le présent document porte sur le Plan des dépenses du gouvernement fédéral et le Budget principal des dépenses pour 2018-2019, lequel appuie le deuxième projet de loi de crédits que le gouvernement demande au Parlement d’approuver pour la somme de 112,9 milliards de dollars.",Jason Stanton
153,04,2018,https://www.pbo-dpb.gc.ca/fr/blog/news/Patent_restoration,26 avril 2018,Ce rapport rassemble un certain nombre de bases de données afin d'estimer le coût des modifications réglementaires régissant les produits pharmaceutiques brevetés. Il compare le coût des médicaments innovateurs brevetés à ceux des médicaments non brevetés sur ordonnance. Cette comparaison est ensuite utilisée pour tirer des conclusions sur le coût annuel de la prolongation de l'exclusivité commerciale pour une catégorie de médicaments similaires aux médicaments innovants brevetés.,"Carleigh Malanik, Philip Bagnoli"
154,04,2018,https://www.pbo-dpb.gc.ca/fr/blog/news/EFO_April_2018,23 avril 2018,"Conformément à son mandat législatif, le directeur parlementaire du budget présente ici ses perspectives économiques et financières.","Trevor Shaw, Tim Scholz"
155,04,2018,https://www.pbo-dpb.gc.ca/fr/blog/news/Borrowing_Authority_Act,23 avril 2018,"À la suite de récentes modifications apportées à la Loi sur l’administration financière, le gouvernement du Canada doit désormais obtenir l’aval du Parlement afin de contracter des dettes sur les marchés. Le gouvernement s’est conformé à cette prescription en créant la Loi autorisant certains emprunts, entrée en vigueur le 23 novembre 2017. La préparation du présent rapport visait à dissiper deux questions qui ont semé la confusion en comité et au cours des débats suivant le dépôt du budget de 2018 : Comment a-t-on calculé ce nouvel agrégat d’endettement? Comment devrait-on s’en servir pour examiner les emprunts publics?",Scott Cameron
156,04,2018,https://www.pbo-dpb.gc.ca/fr/blog/news/Costing_Budget_2018_measures,23 avril 2018,"Le 21 septembre 2017, laLoi sur le Parlement du Canada a été révisée de manière à élargir le mandat du DPB pour qu’il englobe l’estimation du coût financier des propositions présentées lors des campagnes électorales. En prévision de la future élection générale de 2019, le DPB a évalué indépendamment l’effet sur les perspectives budgétaires de dix mesures visant les recettes et les dépenses annoncées dans le budget de 2018. Le présent rapport montre de quelle façon le DPB s’acquitte de son mandat élargi, car il contient des estimations de coût distinctes qui ont été établies et publiées en moins de 60 jours.","Jason Jacques, Scott Cameron, Trevor Shaw, Carleigh Malanik, Philip Bagnoli, Mark Mahabir, Govindadeva Bernier, Negash Haile, Jason Stanton, Nasreddine Ammar"
157,04,2018,https://www.pbo-dpb.gc.ca/fr/blog/news/Guaranteed_Basic_Income,17 avril 2018,"Ce rapport répond à une demande de M. Pierre Poilievre (Carleton – PCC) pour une estimation de coût de l’établissement d’un programme de revenu garanti à l’échelle nationale. Le DPB y applique à l’échelle du pays les paramètres stratégiques du Projet pilote de l’Ontario portant sur le revenu de base afin d’estimer le coût d’un revenu de base garanti (RBG), ensuite il compare le coût estimé à l’aide fédérale accordée aux personnes et aux groupes à faible revenu. Le coût brut annuel de l’application du Projet pilote portant sur le revenu de base à l’échelle du pays s’élèverait à près de 76,0 milliards de dollars en 2018-2019 et il atteindrait près de 79,5 milliards de dollars en 2022-2023.","Alex Smith, Nasreddine Ammar"
158,05,2018,https://www.pbo-dpb.gc.ca/fr/blog/news/Employer_paid_health_benefits,24 mai 2018,Le DPB a préparé un estimé de l’incidence financière que pourrait avoir l’inclusion de la couverture des soins de santé payée par l’employeur dans le revenu imposable des employés.,Govindadeva Bernier
159,05,2018,https://www.pbo-dpb.gc.ca/fr/blog/news/Carbon_price_levy,22 mai 2018,Le présent rapport offre des renseignements supplémentaires relatifs à l’incidence économique de la redevance sur le carbone présentée dans les Perspectives économiques et financières d’avril 2018 du DPB.,"Chris Matier, Philip Bagnoli"
160,05,2018,https://www.pbo-dpb.gc.ca/fr/blog/news/Bill_C-394,10 mai 2018,"Le DPB a pour mandat, entre autres fonctions, d’évaluer le coût des projets de loi. Ainsi, dans le présent rapport, il estime le coût budgétaire net de la mise en œuvre d’un projet de loi d’initiative parlementaire, le projet de loi C 394 qui modifierait la Loi de l’impôt sur le revenu afin d’établir un crédit d’impôt pour prestations parentales et prestations de maternité et « accorderait un crédit d’impôt qui contrebalancerait tout impôt à payer sur les congés de maternité ou les congés parentaux ».","Carleigh Malanik, Jason Stanton"
161,05,2018,https://www.pbo-dpb.gc.ca/fr/blog/news/Main_Estimates_2018-19,1 mai 2018,"Le présent document porte sur le Plan des dépenses du gouvernement fédéral et le Budget principal des dépenses pour 2018-2019, lequel appuie le deuxième projet de loi de crédits que le gouvernement demande au Parlement d’approuver pour la somme de 112,9 milliards de dollars.",Jason Stanton
162,06,2018,https://www.pbo-dpb.gc.ca/fr/blog/news/2017-18_PBO_Annual_Report,14 juin 2018,Compte rendu des activités du Bureau du directeur parlementaire du budget pour 2017-2018,Yves Giroux
163,07,2018,https://www.pbo-dpb.gc.ca/fr/blog/news/Extended_April_2018_EFO,18 juillet 2018,"En prévision d’évaluer le coût financier des mesures proposées en campagne électorale de 2019, le DPB profite de l’occasion pour produire une perspective et une estimation élargie des coûts par article. Le DPB encourage les parlementaires et leurs partis politiques à fournir des rétroactions au sujet de cette initiative.","Trevor Shaw, Tim Scholz"
164,08,2018,https://www.pbo-dpb.gc.ca/fr/blog/news/Phase_1_Investing_in_Canada_Plan,22 août 2018,"Le présent rapport fait le point sur la phase 1 du nouveau plan du gouvernement en matière d’infrastructure, qui a été annoncé dans le budget de 2016 et qui vise à stimuler la croissance économique à court terme.","Chris Matier, Negash Haile"
165,08,2018,https://www.pbo-dpb.gc.ca/fr/blog/news/Measuring_Potential_GDP,22 août 2018,Le présent rapport décrit la méthode qu’emploie le DPB pour mesurer le PIB potentiel.,Chris Matier
166,09,2018,https://www.pbo-dpb.gc.ca/fr/blog/news/FSR_September_2018,27 septembre 2018,"Dans ce rapport, le DPB présente son évaluation de la viabilité financière à long terme du gouvernement fédéral, des administrations infranationales et des régimes de retraite publics.","Trevor Shaw, Tim Scholz, Nasreddine Ammar"
167,10,2018,https://www.pbo-dpb.gc.ca/fr/blog/news/EFO_Oct_2018,23 octobre 2018,"Conformément à son mandat législatif, le directeur parlementaire du budget présente ici ses perspectives économiques et financières.","Trevor Shaw, Tim Scholz"
168,10,2018,https://www.pbo-dpb.gc.ca/fr/blog/news/LMA_Oct_2018,23 octobre 2018,"Le présent rapport propose aux parlementaires une évaluation de la situation du marché du travail au Canada. Il examine donc le comportement des indicateurs du marché du travail par rapport à leur niveau tendanciel. Il examine aussi de plus près les inégalités de salaires à l’échelle nationale et provinciale, ainsi que par sexe.","Étienne Bergeron, Martin Desrosiers-Drolet"
169,10,2018,https://www.pbo-dpb.gc.ca/fr/blog/news/Cost_Estimate_M-141,4 octobre 2018,Ce rapport présente une estimation de la hausse des coûts des prestations d’assurance-emploi (AE) à verser à la suite de la mise en œuvre de la motion d’initiative parlementaire M-141. Cette motion vise à modifier l’article 55 de la Loi sur l’assurance-emploi pour que les conjoints des (i) militaires et (ii) des employés du service extérieur puissent être admissibles aux prestations d’assurance-emploi pendant qu’ils sont en poste à l’étranger.,Negash Haile
170,11,2018,https://www.pbo-dpb.gc.ca/fr/blog/news/Co%C3%BBt%20de%20la%20migration%20irr%C3%A9guli%C3%A8re,29 novembre 2018,"Le député Larry Maguire (Brandon — Souris, PCC) a demandé au DPB d’estimer les coûts de gestion actuels et projetés que représente l’intensification de la migration irrégulière pour le gouvernement fédéral. Ce rapport présente un coût unitaire moyen par demandeur d’asile, établi en fonction des dépenses des organisations fédérales qui interviennent dans le processus d’asile ainsi qu’une analyse de sensibilité des coûts futurs.","Jason Stanton, Ben Segel-Brown, Varun Srivatsan"
171,11,2018,https://www.pbo-dpb.gc.ca/fr/blog/news/Estimation%20Taux%20d%27imposition%20des%20soci%C3%A9t%C3%A9,27 novembre 2018,"Ce rapport répond à une requête pour fournir le coût budgétaire annuel d’une réduction graduelle, à raison de 1 point de pourcentage par année pendant 6 ans, du taux fédéral d’imposition du revenu des sociétés. À terme, le taux fédéral-provincial combiné prévu par la loi s’établirait à 20,7%.","Govindadeva Bernier, Nora Nahornick"
172,11,2018,https://www.pbo-dpb.gc.ca/fr/blog/news/Supps_A_2018-19,8 novembre 2018,"Cette note présente une analyse détaillée du premier budget supplémentaire des dépenses du gouvernement pour l’exercice 2018-2019, dans lequel ce dernier demande au Parlement d’approuver des dépenses de 7,5 milliards de dollars.",Jason Stanton
173,11,2018,https://www.pbo-dpb.gc.ca/fr/blog/news/SPGM_Version_1.0,6 novembre 2018,La présente note comprend la description technique d’un modèle de « génération de personnel » pour l’estimation et la prévision des coûts associés à l’accroissement du personnel militaire. La production de personnel est essentielle aux organisations militaires; le modèle présenté constitue le premier de la série d’outils du DPB ayant pour objectif l’évaluation de l’ensemble du portefeuille de la Défense,"Yves Giroux, Binyam Solomon"
174,12,2018,https://www.pbo-dpb.gc.ca/fr/blog/news/%C3%89nonc%C3%A9%20%C3%A9conomique%20automne%202018,11 décembre 2018,"Afin d’aider les parlementaires dans leurs délibérations prébudgétaires, le présent rapport définit les principaux enjeux découlant de l’Énoncé économique de l’automne 2018 du gouvernement, publié le 21 novembre 2018.","Tim Scholz, Nigel Wodrich, Jason Stanton, Kristina Grinshpoon, Sarah MacPhee, Caroline Nicol, Tessa Devakos"
175,01,2019,https://www.pbo-dpb.gc.ca/fr/blog/news/Labour%20Market%20Assessment%202018%20update,1 février 2019,"Cette mise à jour vise à actualiser, à la lumière de nouvelles données sur le quatrième trimestre de 2018, certains résultats de notre évaluation publiée en octobre 2018.","Chris Matier, Étienne Bergeron"
176,01,2019,https://www.pbo-dpb.gc.ca/fr/blog/news/Trans_Mountain,31 janvier 2019,"Dans l’Énoncé économique de l’automne 2018, le gouvernement du Canada a annoncé l’achat, en août 2018, du pipeline Trans Mountain, du projet d’agrandissement du réseau de Trans Mountain et d’autres actifs connexes, pour une somme de 4,4 milliards de dollars.","Jason Jacques, Chris Matier, Nigel Wodrich, Jason Stanton, Varun Srivatsan"
177,01,2019,https://www.pbo-dpb.gc.ca/fr/blog/news/Disability%20C-399,29 janvier 2019,"Le présent rapport répond à une demande de Monsieur Tom Kmiec, député de Calgary Shepard, d’estimer les coûts du projet de loi C-399, qui assouplit les critères d’admissibilité au crédit d’impôt pour les personnes qui consacrent beaucoup de temps aux soins thérapeutiques afin de maintenir leurs fonctions vitales.","Mark Mahabir, Ben Segel-Brown"
178,01,2019,https://www.pbo-dpb.gc.ca/fr/blog/news/EEF%202018%20Mesures%20estimations,17 janvier 2019,"En prévision des élections fédérales générales de 2019, le DPB a vu dans l’Énoncé économique de l’automne 2018 l’occasion d’évaluer le coût de diverses initiatives stratégiques en peu de temps.","Scott Cameron, Carleigh Malanik, Nigel Wodrich, Étienne Bergeron, Robert Behrend, Sarah MacPhee, Nora Nahornick, Diarra Sourang"
179,01,2019,https://www.pbo-dpb.gc.ca/fr/blog/news/Comparaison%20long%20terme%20DPB%20vs%20Finances,17 janvier 2019,"Conformément au mandat du DPB, prescrit par la loi, le présent rapport compare les projections économiques et financières à long terme préparées, en 2018, par le ministère des Finances Canada et le DPB.","Trevor Shaw, Tim Scholz"
180,02,2019,https://www.pbo-dpb.gc.ca/fr/blog/news/Interim_F_18_aircraft,28 février 2019,"Le présent rapport renferme une analyse financière de l’achat, par le gouvernement du Canada, de 18 chasseurs F-18 d’occasion de l’Australie.",Christopher Penney
181,02,2019,https://www.pbo-dpb.gc.ca/fr/blog/news/veterans_benefits,21 février 2019,"Au fil du temps, le gouvernement du Canada a offert trois régimes de prestations pour vétérans : la Loi sur les pensions (jusqu’en 2006); la Loi sur le bien-être des vétérans (de 2006 à 2019); la Pension à vie (qui prendra effet en 2019). Des parlementaires ont demandé au directeur parlementaire du budget (DPB) d’évaluer le coût financier à moyen terme de chacun des trois régimes.  À partir de données produites par Anciens Combattants Canada (ACC), le DPB a estimé l’ensemble des coûts financiers pour le gouvernement selon la valeur actualisée nette (VAN) pour la cohorte existante de bénéficiaires et pour la cohorte prévue de nouveaux bénéficiaires de 2019 à 2023.","Carleigh Malanik, Caroline Nicol"
182,02,2019,https://www.pbo-dpb.gc.ca/fr/blog/news/Transmountain,12 février 2019,"Dans l’Énoncé économique de l’automne 2018, le gouvernement du Canada a annoncé l’achat, en août 2018, du pipeline Trans Mountain, du projet d’agrandissement du réseau de Trans Mountain et d’autres actifs connexes, pour une somme de 4,4 milliards de dollars.","Chris Matier, Nigel Wodrich, Jason Stanton, Varun Srivatsan"
183,02,2019,https://www.pbo-dpb.gc.ca/fr/blog/news/EFM_Feb_2019,12 février 2019,Le présent rapport fournit une estimation en cours d’exercice du produit intérieur brut (PIB) du Canada pour l’année 2019 et le solde budgétaire du gouvernement du Canada en 2018-2019 selon les données publiées depuis les Perspectives économiques et financières d’octobre 2018 jusqu’au 8 février 2019 inclusivement.,"Tim Scholz, Nigel Wodrich, Kristina Grinshpoon, Sarah MacPhee, Nora Nahornick, Caroline Nicol, Tessa Devakos, Eskandar Elmarzougui"
184,02,2019,https://www.pbo-dpb.gc.ca/fr/blog/news/Supps_B_2018_19,7 février 2019,"Cette note présente une analyse détaillée du deuxième budget supplémentaire des dépenses du gouvernement pour l’exercice 2018-2019, dans lequel ce dernier demande au Parlement d’approuver des dépenses de 2,5 milliards de dollars.","Nigel Wodrich, Jason Stanton, Varun Srivatsan"
185,02,2019,https://www.pbo-dpb.gc.ca/fr/blog/news/Labour%20Market%20Assessment%202018%20update,1 février 2019,"Cette mise à jour vise à actualiser, à la lumière de nouvelles données sur le quatrième trimestre de 2018, certains résultats de notre évaluation publiée en octobre 2018.","Chris Matier, Étienne Bergeron"
186,03,2019,https://www.pbo-dpb.gc.ca/fr/blog/news/PBO_Budget_2019,20 mars 2019,"Suite à la lecture des documents budgétaires, je désire faire quelques observations sur le budget de 2019, déposé à la Chambre des communes le 19 mars 2019. L’objectif est d’aider les parlementaires dans leur débat sur cet important document.",Yves Giroux
187,03,2019,https://www.pbo-dpb.gc.ca/fr/blog/news/Work_Plan_2019_20,19 mars 2019,,Yves Giroux
188,03,2019,https://www.pbo-dpb.gc.ca/fr/blog/news/Infrastructure_investments_provinces_municipalities%20Revised%3A%20Table%203-1,13 mars 2019,Le rapport examine les investissements en immobilisations des provinces et de certaines municipalités afin d’estimer l’impact différentiel du financement fédéral pour les infrastructures sur les dépenses en immobilisations provinciales et municipales.,"Sarah MacPhee, Diarra Sourang"
189,04,2019,https://www.pbo-dpb.gc.ca/fr/blog/news/EFO_April_2019_20,30 avril 2019,"Conformément à son mandat législatif, le directeur parlementaire du budget présente ici ses perspectives économiques et financières.","Carleigh Malanik, Tim Scholz, Nigel Wodrich, Jason Stanton, Robert Behrend, Kristina Grinshpoon, Raphaël Liberge-Simard, Sarah MacPhee, Nora Nahornick, Caroline Nicol, Tessa Devakos, Varun Srivatsan, Eskandar Elmarzougui"
190,04,2019,https://www.pbo-dpb.gc.ca/fr/blog/news/Budget_2019_measures,30 avril 2019,"En prévision des élections fédérales générales de 2019, le DPB a vu dans le budget de 2019 l’occasion d’évaluer sa capacité actuelle pour estimer le coût de diverses initiatives stratégiques en peu de temps.","Jason Stanton, Ben Segel-Brown, Nasreddine Ammar, Robert Behrend, Sarah MacPhee, Caroline Nicol, Christopher Penney, Diarra Sourang, Eskandar Elmarzougui, Xiaoyi Yan"
191,04,2019,https://www.pbo-dpb.gc.ca/fr/blog/news/Main_estimates_2019_20,29 avril 2019,"Le présent document porte sur le Plan des dépenses du gouvernement fédéral et le Budget principal des dépenses pour 2019-2020, lequel appuie le deuxième projet de loi de crédits que le gouvernement demande au Parlement d’approuver pour la somme de 125,7 milliards de dollars.",Jason Stanton
192,04,2019,https://www.pbo-dpb.gc.ca/fr/blog/news/Federal_carbon_pricing,25 avril 2019,"Le présent rapport fournit une analyse financière et distributive de la mise en œuvre du système fédéral de tarification du carbone en Ontario, au Nouveau Brunswick, au Manitoba et en Saskatchewan. Le DPB estime que le gouvernement fédéral tirera 2,63 milliards de dollars de recettes de la tarification du carbone en 2019 2020. La grande majorité de ces recettes (2,43 milliards) proviendra de la redevance sur les combustibles; le reste, soit environ 197 millions de dollars, sera généré par une tarification fondée sur le rendement. Les ménages supporteront en grande partie le coût de la tarification par leur consommation d’énergie à des fins résidentielles et de transport, ainsi que par la redevance sur le carbone appliquée aux produits non énergétiques. Les régions qui utilisent actuellement de l'énergie à forte intensité de carbone peuvent s'attendre à des coûts plus élevés. Le gouvernement fédéral a indiqué que toutes les recettes de la redevance sur les combustibles seront remises directement aux ménages et aux secteurs particulièrement touchés en Ontario, au Nouveau Brunswick, au Manitoba et en Saskatchewan. Sauf pour les 20 % les plus riches, la plupart des ménages seront avantagés, sur une base nette, parce que le montant de la remise dépassera leur coût moyen en carbone.",Nasreddine Ammar
193,04,2019,https://www.pbo-dpb.gc.ca/fr/blog/news/Bill_C-83,25 avril 2019,"Le projet de loi C-83 remplacerait l’isolement des détenus par des unités d’intervention structurée (UIS). Dans des UIS, les détenus disposeraient d’au moins deux heures par jour à l’extérieur de leur cellule et auraient plus de possibilités de participer à des interventions correctionnelles. Dans l’Énoncé économique de l’automne 2018, le gouvernement allouait 300 millions de dollars sur six ans, plus 71,7 millions de dollars en financement continu à la dotation en personnel et autres ressources nécessaires au fonctionnement des UIS. Nous estimons que ce niveau de financement correspond aux prévisions de SCC en ce qui concerne le nombre d’UIS et la dotation connexe.",Ben Segel-Brown
194,04,2019,https://www.pbo-dpb.gc.ca/fr/blog/news/Revisiting_MCTC,18 avril 2019,Ce rapport présente une estimation ex post (après les faits) de l’incidence financière de la réduction de l’impôt de la classe moyenne aux exercices 2015 et 2016.,"Jason Jacques, Carleigh Malanik, Chris Matier, Govindadeva Bernier, Tiberiu Scutaru"
195,04,2019,https://www.pbo-dpb.gc.ca/fr/blog/news/Bill_C-266_parole_ineligibility,16 avril 2019,"En février 2016, le Comité permanent des finances de la Chambre des communes a demandé au DPB de fournir une analyse des coûts des projets de loi et des motions émanant des députés figurant à l’ordre de priorité des affaires émanant des députés. Le projet de loi C-266, qui prolonge le délai préalable à la libération conditionnelle pour certains délinquants, a été inscrit à l’ordre de priorité le 1er novembre 2018. Le présent rapport fournit une estimation des coûts de mise en œuvre du projet de loi C-266.","Ben Segel-Brown, Tiberiu Scutaru"
196,04,2019,https://www.pbo-dpb.gc.ca/fr/blog/news/Revenues_expenses_CSLP,11 avril 2019,Ce rapport comprend une description du modèle du DPB ainsi qu’une évaluation des recettes et des dépenses relatives au régime du prêt direct du Programme canadien de prêts aux étudiants (PCPE).,"Robert Behrend, Sarah MacPhee"
197,04,2019,https://www.pbo-dpb.gc.ca/fr/blog/news/Infrastructure_investments_territories,9 avril 2019,Le rapport examine les investissements en immobilisations des territoires afin d’estimer l’impact différentiel du financement fédéral pour les infrastructures sur les dépenses en immobilisations de ces territoires en 2016-2017 et 2017-2018.,Diarra Sourang
198,04,2019,https://www.pbo-dpb.gc.ca/fr/blog/news/EI_Sickness_Benefits,4 avril 2019,Ce rapport présente une estimation des coûts liés à une mesure qui porterait de 15 à 50 semaines la durée des prestations de maladie de l’assurance-emploi (AE).,"Kristina Grinshpoon, Nora Nahornick"
199,04,2019,https://www.pbo-dpb.gc.ca/fr/blog/news/360h_eligibility_sickness_benefits,4 avril 2019,Ce rapport présente une estimation du coût d’une mesure visant à faire passer le seuil d’admissibilité aux prestations de maladie de 600 à 360 heures d’emploi assurable.,Étienne Bergeron
200,04,2019,https://www.pbo-dpb.gc.ca/fr/blog/news/CUSMA_prescription_drugs,2 avril 2019,Le présent rapport contient une estimation des coûts supplémentaires que les consommateurs canadiens devront payer pour obtenir des médicaments d’ordonnance en pharmacie par suite de l’adoption de l’Accord Canada–États-Unis–Mexique (ACEUM). Une prolongation de deux ans de la protection des données relatives aux médicaments biologiques retardera l’introduction de médicaments biosimilaires. Retarder l’entrée de ces biosimilaires pouvant remplacer certains médicaments coûteux aura sans doute pour effet de maintenir les prix à des niveaux plus élevés qu’ils ne le seraient autrement.,"Philip Bagnoli, Étienne Bergeron"
201,05,2019,https://www.pbo-dpb.gc.ca/fr/blog/news/gst-rebate-residential-energy-use,30 mai 2019,"Le présent rapport fait suite à une motion adoptée par le Comité des finances de la Chambre des communes demandant l’évaluation du coût financier des projets de loi et motions figurant à l’ordre de priorité de la Chambre des communes. La motion M-230, inscrite à l’ordre de priorité le 11 avril 2019, propose que le gouvernement supprime la taxe sur les produits et services (TPS) des factures énergétiques résidentielles.",Diarra Sourang
202,05,2019,https://www.pbo-dpb.gc.ca/fr/blog/news/Federal_Pay_System_Phoenix,16 mai 2019,"Le présent rapport contient une évaluation indépendante du coût estimé du remplacement du système de paye Phénix, soit le système de traitement des payes des fonctionnaires fédéraux.","Carleigh Malanik, Nigel Wodrich, Tessa Devakos"
203,05,2019,https://www.pbo-dpb.gc.ca/fr/blog/news/cost-of-administering-the-federal-fuel-charge-and-climate-action-incentive,15 mai 2019,"En réponse à l’intérêt exprimé par des parlementaires concernant la mise en œuvre des nouvelles politiques fédérales sur le carbone, le directeur parlementaire du budget (DPB) a entrepris d’analyser les coûts administratifs connexes.",Jason Jacques
204,06,2019,https://www.pbo-dpb.gc.ca/fr/blog/news/canada-surface-combatants-2019-update,21 juin 2019,Ce rapport est une mise à jour de l’estimation du coût du programme des navires de combat canadiens (NCC) figurant dans le rapport de 2017 du DPB intitulé Le coût des navires de combat canadiens.,"Sarah MacPhee, Christopher Penney"
205,06,2019,https://www.pbo-dpb.gc.ca/fr/blog/news/public_debt_calculator,20 juin 2019,"Dans le cadre de la prochaine campagne électorale, le DPB a construit un outil permettant d’estimer les frais ou les revenus en intérêt découlant d’une (de) proposition(s) électorale(s).",Étienne Bergeron
206,06,2019,https://www.pbo-dpb.gc.ca/fr/blog/news/preliminary-findings-on-international-taxation,20 juin 2019,"Ce rapport présente les conclusions du DPB sur la fiscalité internationale, en réponse à la demande du sénateur Percy E. Downe au directeur parlementaire du budget en 2012.","Govindadeva Bernier, Robert Behrend, Varun Srivatsan"
207,06,2019,https://www.pbo-dpb.gc.ca/fr/blog/news/election-proposal-costing-baseline,20 juin 2019,Le présent rapport fournit la prévision économique et financière de référence pour la période d’évaluation du coût des mesures proposées pour la campagne électorale de 2019.,"Tim Scholz, Nigel Wodrich, Jason Stanton, Ben Segel-Brown, Robert Behrend, Kristina Grinshpoon, Raphaël Liberge-Simard, Sarah MacPhee, Caroline Nicol, Christopher Penney, Tessa Devakos, Eskandar Elmarzougui"
208,06,2019,https://www.pbo-dpb.gc.ca/fr/blog/news/full-expensing-for-depreciable-property,19 juin 2019,Un député a demandé au directeur parlementaire du budget (DPB) d’estimer combien il en coûterait au gouvernement fédéral d’instaurer la passation en charges intégrale de biens achetés par une société dans le but de s’aligner sur la récente modification fiscale de la Tax Cuts and Jobs Act (TCJA) des États‑Unis. La passation en charges intégrale s’appliquerait durant les 5 premières années suivant l’acquisition de biens admissibles par une société. L’amortissement accéléré serait ensuite progressivement éliminé et réduit de 20 % par année jusqu’en 2027.,"Govindadeva Bernier, Nora Nahornick"
209,06,2019,https://www.pbo-dpb.gc.ca/fr/blog/news/federal-program-spending-on-housing-affordability,18 juin 2019,Le présent rapport vise à aider les parlementaires à comprendre les dépenses de programmes fédérales consacrées à l’abordabilité des logements.,Ben Segel-Brown
210,06,2019,https://www.pbo-dpb.gc.ca/fr/blog/news/closing-gap-carbon-pricing-paris-target,13 juin 2019,"Le présent rapport fournit une estimation de la tarification supplémentaire du carbone qui serait nécessaire pour atteindre la cible d’émissions de gaz à effet de serre du Canada en 2030 en vertu de l’Accord de Paris, ainsi qu’une estimation de l’incidence correspondante sur l’économie canadienne.","Chris Matier, Philip Bagnoli, Raphaël Liberge-Simard"
211,06,2019,https://www.pbo-dpb.gc.ca/fr/blog/news/analysis-of-active-versus-passive-management-of-canadian-public-pension-plans,10 juin 2019,"Ce rapport présente une analyse du rendement des fonds des régimes de pensions fédéraux à gestion active, en particulier ceux gérés par l’Office d’investissement du régime de pensions du Canada (OIRPC) et l’Office d’investissement des régimes de pensions du secteur public (OIRPSP), et compare les rendements à ceux qui seraient générés avec une stratégie de gestion passive.",Jason Stanton
212,06,2019,https://www.pbo-dpb.gc.ca/fr/blog/news/trans-mountain-pipeline-updated-cdev-financial-reporting,5 juin 2019,La Corporation de développement des investissements du Canada (la CDIC) a publié en mai 2019 son Rapport annuel de 2018 et le rapport du premier trimestre de 2019. Le directeur parlementaire du budget (DPB) a examiné les plus récents résultats d’exploitation du réseau de l’oléoduc Trans Mountain (OTM) et de l’analyse de sensibilité nouvellement publiée de la dépréciation de l’écart d’acquisition (goodwill dans le rapport de la CDIC).,"Nigel Wodrich, Jason Stanton, Varun Srivatsan"
213,11,2019,https://www.pbo-dpb.gc.ca/fr/blog/news/RP-1920-022-S--economic-and-fiscal-outlook--perspectives-economiques-financieres-nov-2019,14 novembre 2019,"Conformément à son mandat législatif, le directeur parlementaire du budget présente ici ses perspectives économiques et financières.","Tim Scholz, Nigel Wodrich, Nasreddine Ammar, Étienne Bergeron, Robert Behrend, Kristina Grinshpoon, Raphaël Liberge-Simard, Sarah MacPhee, Caroline Nicol, Diarra Sourang, Tessa Devakos, Eskandar Elmarzougui, Jamie Forsyth, Jill Giswold"
214,12,2019,https://www.pbo-dpb.gc.ca/fr/blog/news/RP-1920-023-S--economic-fiscal-update--mise-a-jour-economique-budgetaire-2019,19 décembre 2019,"Afin d’aider les parlementaires dans leurs délibérations prébudgétaires, le présent rapport définit les principaux enjeux découlant de la Mise à jour économique et budgétaire 2019 du gouvernement, publié le 16 décembre 2019.","Tim Scholz, Caroline Nicol"
215,12,2019,https://www.pbo-dpb.gc.ca/fr/blog/news/trans-mountain-pipeline-updated-cdev--reseau-pipelinier-trans-mountain-mise-a-jour-cdev--2019-12-10,10 décembre 2019,"En novembre 2019, la Corporation de développement des investissements du Canada (CDEV) a publié son rapport du troisième trimestre 2019, que le directeur parlementaire du budget (DPB) a examiné dans le cadre de sa surveillance continue des rapports financiers concernant le réseau pipelinier Trans Mountain (RPTM) et le projet d’agrandissement du réseau pipelinier Trans Mountain (PARTM).","Nigel Wodrich, Jason Stanton, Varun Srivatsan"
216,12,2019,https://www.pbo-dpb.gc.ca/fr/blog/news/supplementary-estimates--budget-supplementaire-depenses--a-2019-2020,9 décembre 2019,Le Budget supplémentaire des dépenses (A) 2019-2020 est le premier des deux budgets supplémentaires prévus pour l’exercice 2019-2020. Il fait suite au troisième projet de loi de crédits adopté dans l’exercice en cours.,"Jason Stanton, Jill Giswold"
217,01,2020,https://www.pbo-dpb.gc.ca/fr/blog/news/ADM001--evaluation-election-proposal-costing-2019--performance-estimation-cout-promesses-electorales-2019,22 janvier 2020,"En 2017, le Bureau du directeur parlementaire du budget (DPB) s’est vu confier le mandat législatif d’évaluer, sur demande, le coût financier des mesures proposées par les partis politiques dans le cadre des campagnes électorales.","Jason Jacques, Mark Mahabir"
218,02,2020,https://www.pbo-dpb.gc.ca/fr/blog/news/RP-1920-029-S-fiscal-sustainability-report-2020-rapport-viabilite-financiere-2020,27 février 2020,"Dans le rapport qui suit, le DPB présente son évaluation de la viabilité financière à long terme du gouvernement fédéral, des administrations infranationales et des régimes de retraite généraux.","Carleigh Malanik, Tim Scholz, Sarah MacPhee, Caroline Nicol, Diarra Sourang, Aidan Worswick, Salma Mohamed Ahmed"
219,02,2020,https://www.pbo-dpb.gc.ca/fr/blog/news/RP-1920-028-S-supplementary-estimates--budget-supplementaire-depenses--b-2019-2020,26 février 2020,"Cette note présente une analyse détaillée du deuxième budget supplémentaire des dépenses du gouvernement pour l’exercice 2019-2020, dans lequel ce dernier demande au Parlement d’approuver des dépenses de 3,8 milliards de dollars avant le 31 mars 2020.","Jason Stanton, Robert Behrend, Jill Giswold"
220,02,2020,https://www.pbo-dpb.gc.ca/fr/blog/news/RP-1920-027-S-labour-market-assessment-2020--evaluation-situation-marche-du-travail-2020,25 février 2020,Le présent rapport propose aux parlementaires une évaluation de la situation du marché du travail au Canada.,Caroline Nicol
221,02,2020,https://www.pbo-dpb.gc.ca/fr/blog/news/update-allocation-funding-federal-provincial-territorial-partnership-housing-mise-a-jour-affectation-financement-partenariat-federal-provincial-territorial-logement,25 février 2020,Cette mise à jour a été faite à la demande d’un parlementaire.,Ben Segel-Brown
222,02,2020,https://www.pbo-dpb.gc.ca/fr/blog/news/RP-1920-026-S-economic-fiscal-monitor-february-2020-suivi-economique-financier-fevrier-2020,13 février 2020,"Le présent rapport fournit une estimation en cours d’exercice du produit intérieur brut (PIB) du Canada et le solde budgétaire du gouvernement du Canada en 2019-2020 selon les données publiées depuis les Perspectives économiques et financières de novembre 2019 jusqu’au 7 février 2020 inclusivement. Tous les taux présentés correspondent à des taux annualisés, sauf indication contraire.","Tim Scholz, Nigel Wodrich, Kristina Grinshpoon, Raphaël Liberge-Simard, Caroline Nicol, Tessa Devakos"
223,02,2020,https://www.pbo-dpb.gc.ca/fr/blog/news/RP-1920-025-S-considerations-regarding-2020-tax-and-spending-review--considerations-examen-depenses-publiques-et-fiscales-2020,11 février 2020,"L’objet de ce rapport est de présenter un aperçu préliminaire de la façon dont le DPB compte assurer le suivi des mesures annoncées par le gouvernement pour réaliser des économies annuelles de 1,5 milliard de dollars à compter de 2020-2021.",Jason Stanton
